feature_1,feature_2,feature_3,feature_4,feature_5,performance_label
0.2627573730611178,0.8149025513261611,0.3339912051558813,0.8307082212769569,0.32800987490248634,1
0.550687983978904,0.23084494278710976,0.7315203705938405,0.16694110381430005,0.8994314860954712,0
0.3716488304234865,0.4715744816412769,0.02402189383677167,0.9757899660856878,0.813175319768353,0
0.44700890726796205,0.9202613390774264,0.9310596358226887,0.5330521216282699,0.2338507914733705,0
0.4871103346434529,0.3247986070941764,0.44798562901059724,0.9113920307880753,0.28183458592907706,0
0.8389667946854403,0.9353010541718577,0.8050527875450753,0.5272533436388768,0.5639773121203394,1
0.819634995719953,0.04450081347360313,0.7359299907868354,0.5288674881796421,0.3971374429284489,0
0.766927680682827,0.26624722768987485,0.8955337277145653,0.6884877783140381,0.6101555896352644,0
0.5231202941988491,0.212757658630509,0.6169449595305447,0.7249139803524669,0.011689717863559324,0
0.36641914766720185,0.8324640972876539,0.6322107934367825,0.6152704384238086,0.22861268512263366,0
0.6320887334765307,0.7861500672955101,0.40175638486251175,0.18209214534304685,0.07727425829522794,1
0.5056956664484349,0.6838585931499565,0.16263926092975578,0.4214436249546587,0.5686432091443747,0
0.1558584239033678,0.2698899531093465,0.6084133860861324,0.7250239406185391,0.6359934043418971,1
0.7136342123503726,0.5815044788750149,0.8358329113838208,0.8267359708714761,0.7962475338544346,0
0.575458122131831,0.9941302019380817,0.039112013818597746,0.19565309990488744,0.8088772930153707,1
0.826292518921524,0.8187528212410645,0.872713936059417,0.42260793607617086,0.9318335219365337,0
0.209170478324485,0.9369484890451079,0.5566785196251149,0.16388407215584788,0.7360771069630337,0
0.29587926530253505,0.2204575831355009,0.17207526969329545,0.029405314036131003,0.7646540134633554,0
0.4865042728662444,0.9787321469668078,0.4392715708882978,0.8433505485365966,0.968094633034968,1
0.02246206962439079,0.10531889064984357,0.3478637697818233,0.870116187772296,0.8379504467636631,1
0.3667350240852151,0.19990403074110918,0.8023208818159056,0.5969145890621811,0.03160046733992883,0
0.8042159327204306,0.956960866359293,0.042086991649347594,0.28587360281501906,0.8194649758479372,1
0.5846496826863526,0.9893562246604741,0.9155030040013848,0.1782715463258302,0.6740282646394133,1
0.6532869800752866,0.11085727955518776,0.08951893664500477,0.5694441170406772,0.40297313018379344,1
0.5454459152092676,0.2388284549093096,0.5566630351737095,0.38339530180422543,0.8875375179937234,1
0.3060866626622303,0.870834554126059,0.3899923627535231,0.578165888621955,0.2863770402097462,0
0.8090889502596911,0.8436465540097741,0.8090503772174257,0.6398364724874087,0.30478409730837486,0
0.6364882997680371,0.9595116774169103,0.6483853537826265,0.9563930075226449,0.3045804527421032,0
0.8460010706679064,0.7184684836356346,0.819204086633173,0.7107629667221267,0.4803628651706435,1
0.6865749800288384,0.9320899127098419,0.4175411838304244,0.9517452922729608,0.0493999865925564,1
0.01417268193799115,0.49380285272585867,0.8485129521578092,0.2478353593303696,0.6934238558478305,1
0.546904970873308,0.29079510898186156,0.2857933937221768,0.07327620077727193,0.5362140230741099,1
0.4501409133320443,0.28942301829800854,0.970432358370027,0.818474749048009,0.5249508423024674,0
0.5217042482234485,0.19361168488586467,0.6491272371372258,0.9536354932363338,0.8982895107607706,0
0.08477102725510055,0.05309719064580909,0.9612450460281583,0.1999058453436071,0.5504140873712731,1
0.07470980594293297,0.8432975574322864,0.11786451158659828,0.6437571480993103,0.056627980179349,1
0.1566718764438576,0.5121410776433252,0.04568525843906346,0.19561277372189856,0.1361723032091665,0
0.040575030788500444,0.9709967702164126,0.4501662835127005,0.858935824585478,0.3582227592537587,1
0.042591969484754744,0.695653771130551,0.038754191227936996,0.5527822218009774,0.13911201722153954,1
0.6708169732531327,0.8927039025138329,0.9557638056834511,0.5277763513504874,0.5327037214920525,1
0.03827904682605188,0.7698761428789026,0.9562084155287296,0.43823412382057525,0.7936920969109724,1
0.7974564902529456,0.7857008567790105,0.7586809663987906,0.21509673667359563,0.751424870163106,1
0.1443953811426587,0.712503036424561,0.00353878782163497,0.9188250381679132,0.827388811793592,1
0.6829634607290247,0.09446777906975468,0.8249885515593165,0.8751738143940646,0.6879878035234844,0
0.9758866341067728,0.09287936845728872,0.7086495819268754,0.5247960346509216,0.14560612881076818,1
0.6584141132768266,0.7995282251267609,0.1647482411411867,0.7934907105441765,0.09297062266970546,0
0.5914001110406538,0.7984701094378824,0.14595683414299154,0.5715190947145378,0.4248782139325751,0
0.6072753871796142,0.42422170040996476,0.2509118689221046,0.25381089902637477,0.8647001870307227,1
0.15645431795312237,0.12311425121332797,0.09707914370546211,0.07415476634728724,0.014492189111818043,1
0.16040583596478875,0.19272743490335054,0.2697240602612736,0.12403948013757915,0.09415585392028991,0
0.5414767257001557,0.7186864427149058,0.6301871773665716,0.5567063689611975,0.44056377214499676,0
0.6339802481057929,0.9018667707279968,0.6274184214806877,0.06086108199470874,0.5704188883132233,1
0.5242144580716239,0.45202324751568,0.5687953100031541,0.672617662805434,0.037260093097784996,1
0.4802008939925013,0.8172280331031875,0.5307772030827502,0.06785778951771682,0.7750699910960955,0
0.9413315573960471,0.8518439579993276,0.3625687995640844,0.53482383868545,0.5913121563637304,0
0.7157985863286739,0.666068791706841,0.19907146656826913,0.843038389764221,0.8491823932278791,1
0.4043515735784632,0.13091469920929277,0.6085667462586574,0.35725992793701056,0.7413906287144535,1
0.3156571051090822,0.26299927582891225,0.8677103715760776,0.6158205355576581,0.08599164334891518,0
0.6893628472487631,0.7527335514013053,0.23520361343330687,0.967656347628024,0.37285824655741817,1
0.9405738497374001,0.29361692341972667,0.6091959811824065,0.5175698656364626,0.9921585439371583,1
0.40835560934059445,0.17929066347870692,0.8332088631001625,0.04204416186379001,0.8849560288420035,1
0.11058949341845148,0.5720124379700259,0.7134153177216462,0.33632334059448654,0.8447414399072858,1
0.5937049693956651,0.39515589037219034,0.3253635301229054,0.11200823635565582,0.6403635609608673,1
0.36404294633312684,0.3205605485389965,0.9499479823858038,0.27279758902420426,0.8765651106968745,0
0.9748960221025991,0.8227399488268741,0.019517063262466827,0.8686239900391372,0.21341533721810513,0
0.3532776258508198,0.9915831928618193,0.4049778594456094,0.65483489067482,0.3107191871312145,0
0.36942866866833035,0.5976253284562725,0.9482857457515831,0.28245556479775613,0.2473660070431437,0
0.02627456031378128,0.20210880331197656,0.2624125548696107,0.0628757569783529,0.5636087787025711,1
0.12676436057506824,0.5110763989919864,0.18898131907785165,0.9357255016134927,0.3070975617012994,0
0.09292847481624544,0.8361543253914008,0.4020363771903328,0.8201209154888203,0.3124895831368173,1
0.5000377757737882,0.44535730214012414,0.5579063506309532,0.40165118535141064,0.496802150626242,0
0.6793275175924675,0.4146827782946909,0.684404746420473,0.7143019192182636,0.7489267656439594,1
0.47093683604060055,0.003790080438445975,0.753511072664483,0.9090851179232865,0.6526178754545597,1
0.5245470241127357,0.5595913257775841,0.6408117587256512,0.9985246449493714,0.06205593784212471,1
0.021182897253821387,0.9641679798548716,0.4404746378390567,0.6123536933195347,0.753440944819338,1
0.7420962301667162,0.647194193134722,0.47189153801389183,0.5760782509111123,0.7296460163159877,0
0.8508145164357191,0.12730404705016618,0.27795860462031585,0.39759475910666453,0.665498262669918,0
0.39567141468796496,0.23888504745049632,0.03314297977827274,0.8425079412233755,0.4189337629211216,1
0.32922899891564283,0.5308262211269705,0.12291978669292214,0.39735835809715647,0.75178573799957,1
0.7361174491492485,0.7718963632997901,0.46741709210222904,0.36891372423754754,0.831440498555537,1
0.17329103788778633,0.7251377801454165,0.8879472934965286,0.2861522782941136,0.19779542221686552,1
0.5125246047037462,0.21639068191539768,0.8707685182029015,0.24441690100751923,0.31396592146376723,1
0.8884195415912142,0.2056216199692914,0.884784025866664,0.20980295939683946,0.9118056614440212,1
0.3176419030961477,0.24623459146816562,0.47718977101398297,0.3692235033229837,0.2017496870382438,0
0.3383537980893472,0.7132293432218552,0.831900638090606,0.8207618315441728,0.7568172484004919,0
0.005435152485191441,0.4266039471220747,0.16897217763132544,0.07347582588372925,0.7358820482340662,1
0.793479870425539,0.8146166468247502,0.8903107953631122,0.5900481909412298,0.9981297998052177,0
0.4837226403118411,0.8834989988807475,0.11294076490298144,0.14892350059542814,0.5903494445741644,0
0.12413477192173794,0.07530063817259625,0.19606463220628256,0.7875368648371562,0.927458005346795,0
0.33346732244053423,0.9747558404792268,0.8095504663298836,0.22610771662955986,0.5861149989869856,0
0.9817934146013452,0.8487858128240312,0.363359082789647,0.3063229351621889,0.8192541482490389,0
0.5491651967315707,0.1634425153308141,0.3278325583838114,0.6618129773737526,0.15315888413930367,0
0.6987162074067506,0.7099287614675898,0.2707463549613389,0.39803057183178436,0.9354506645712664,0
0.7491757878149635,0.7878106555662223,0.5162651897723661,0.21313993085084493,0.5912559126168473,1
0.7721042901500023,0.0038832642379781346,0.11377625326550966,0.47429411575807845,0.4371961474432654,1
0.9822830457949858,0.09215290059722303,0.3236863625487819,0.8151104275461831,0.6124275936363641,0
0.5616144412331372,0.7412010385838265,0.03998301055573561,0.9474916983672234,0.19126394937673552,1
0.08183752680265921,0.33895357757241895,0.7023562326336653,0.23148325165839678,0.049861237129968705,1
0.05741284650090861,0.2565770201011325,0.13527385555252036,0.37243311048163086,0.17307308404945798,0
0.34431433768409647,0.4444871308094971,0.7425392082506409,0.22739952687216092,0.4750637739201018,1
0.8153551925112322,0.9863771895474096,0.5573061700965334,0.4323203672837469,0.6315331291787107,1
0.4862956605546833,0.16475664254342715,0.4594471820740579,0.9791003059199608,0.6404286463246199,0
0.28343225890538004,0.9471460063656416,0.3885816530866384,0.39012137643236267,0.616599492032068,0
0.5689737163953161,0.29043657146925206,0.46708032466195837,0.3325130256104649,0.7377804506899652,0
0.12250286644162844,0.7502511299527337,0.16116702531299398,0.3059819914089036,0.33333178737136704,1
0.9904121754603996,0.5898219847365176,0.7775541923222565,0.5553779838294793,0.9831579690084635,1
0.1773813512461817,0.6048741293313153,0.7973820672427258,0.6285561427135359,0.8969361844312861,0
0.6007079813871989,0.8264385489766092,0.17579712436995376,0.2620638943503272,0.4440685773895937,0
0.8516177118347076,0.4265593920686408,0.6274589377341816,0.3958116019202941,0.8057203891170975,1
0.20028758624801335,0.5937694780399555,0.5778901883382669,0.40324182517598717,0.7051280566077801,1
0.028476608024549654,0.8414999885565322,0.3479652295722554,0.7930225695748532,0.30505949158535217,1
0.1879064670961622,0.3894894730848725,0.7973669529903753,0.7035180352854723,0.40103120186597196,0
0.9378687244109507,0.4087761858508744,0.3507527282933419,0.14471891095412048,0.0702786457452288,1
0.3499024038514832,0.09200218620062695,0.46263495788875353,0.8600095437150299,0.47611665269472725,1
0.48058097827158575,0.25344062096656506,0.1662955759483966,0.22232885851067596,0.5679884795511596,0
0.591793114394393,0.2201877926756184,0.39892037423168236,0.5686826843865062,0.7604620385099504,1
0.3197693600424364,0.27135692001523937,0.7304669993217747,0.5138121707376775,0.8567465911944677,0
0.21100302038731777,0.7709428760912498,0.16203350741750944,0.5847712444967795,0.2836337083146864,1
0.10109095759958875,0.6167646045671427,0.5067989598960614,0.48598018854624214,0.5925194274537886,1
0.37243721745505676,0.670167561752145,0.13084373093850976,0.7149714836366611,0.5798137142806981,1
0.48647264003579127,0.12765039996792482,0.27826447949662336,0.29529657861958203,0.2338126539099349,1
0.9541797265204024,0.9156415578490432,0.5461332138392505,0.2056725832402233,0.9111383650729892,1
0.749406532856174,0.03877183895403713,0.49071152173649357,0.6049446231076604,0.06647336406342763,1
0.049831031155724625,0.4635239584851806,0.0019517133376276696,0.046835559411136374,0.16513766381193984,0
0.9099707740291122,0.7662835270127075,0.45042600423728674,0.479205667473663,0.686024549105935,0
0.47438653632481276,0.06392510884689673,0.7387313750670096,0.05774982564429976,0.4860931324480291,1
0.8617075095976566,0.11737970002803344,0.7066279124720684,0.04632792555107412,0.9930596184793841,0
0.6820863803221492,0.9689896188867366,0.6682239646072395,0.24228314025218356,0.9263645136096023,1
0.626670184829193,0.5759370506078472,0.42911189299692754,0.28459390940853635,0.5300695696469587,0
0.366057708811218,0.854024404356883,0.028798541967757108,0.5300914848769988,0.8365648885727306,0
0.027606371382983275,0.28230267626484573,0.051522556634388095,0.5950037698115432,0.3167360743917321,0
0.9597300379159257,0.6162936059356734,0.5618020046905091,0.9172397653455634,0.2235754060709163,0
0.5622422595228076,0.542782634958325,0.08211423431093612,0.932059786373956,0.700234732261908,0
0.8881058496798795,0.9825373869016237,0.47965396229812984,0.8036598420860968,0.5775597355853479,0
0.9771230488029521,0.2472235841076874,0.013817170990364613,0.1859475712672245,0.1280187820087565,0
0.43695231132855816,0.07741020374939178,0.2201977371397733,0.096265880524817,0.4867527782580384,0
0.26677707208630164,0.4710072981786154,0.08888810004447667,0.5168706660150371,0.13006920185788062,1
0.0993464514203597,0.3100195506557517,0.874417476462594,0.788521402927364,0.9591498022993508,0
0.4601952643851598,0.31244142302970046,0.9709067318565966,0.3817680782678512,0.009103406217130905,0
0.820108613811749,0.1692105409665826,0.7179124285673626,0.01512189045236012,0.11099016410946616,1
0.483563553295816,0.06789802647982623,0.8886308956869862,0.749869061268564,0.3281853120201699,1
0.5975204143967034,0.7155267352531023,0.7553991886279119,0.39567595448787807,0.8988002207361929,1
0.9417847300469746,0.1957152512260174,0.9112387997391095,0.7126805110023418,0.8881380641373822,0
0.4247542682438884,0.6611975415702604,0.2353797782522461,0.7511017523966906,0.5817335031470912,1
0.4809451118894019,0.6926816102729305,0.5523452711265574,0.7653548721730844,0.858436066815243,0
0.8006063044549034,0.30750663151092217,0.9761192135636356,0.6497412629125184,0.32346647608386725,1
0.04258087527660481,0.9880964097028249,0.5990173934427725,0.22754026250684345,0.4911238011176797,0
0.39754048028095157,0.951365239697479,0.49266094517428216,0.4846676654906025,0.7945997077222845,0
0.3909115646636563,0.19651834837675164,0.7683987019292634,0.9101086379505067,0.045726248829600635,1
0.8599000609130977,0.4378631958174807,0.28913347787944776,0.039180337165475976,0.20552276985761142,1
0.3328698009184601,0.07068424259193229,0.18879006495366557,0.7368404424021281,0.6868608162329464,1
0.7698389172392538,0.16525778032348093,0.04303016652794245,0.46858987123909435,0.3427847351071537,1
0.7767330799537848,0.5388267592294684,0.9311803099044244,0.06120639096181202,0.3636763652931304,0
0.4052406014353258,0.12588943406002895,0.5830158814917501,0.040202444729082965,0.7127251285519717,1
0.03744316076552279,0.8734720559435075,0.06502697157865123,0.45634941484505565,0.15538539882185887,0
0.1331222451504278,0.7212156891979681,0.7742510419425093,0.7391990870849491,0.403991851264783,1
0.9907860371289103,0.3399689175865056,0.24527956114526395,0.9965054216462622,0.9772768052801333,0
0.591835974484738,0.20903917828650476,0.23849884891970552,0.5208854450927766,0.7761032042660363,1
0.07745414440303655,0.6876704005373576,0.10311084932451497,0.8441107444098314,0.5321182222463141,0
0.9896940904693412,0.7529822322281703,0.49722865738103483,0.14117714944129822,0.5423956527359433,1
0.11444473611223438,0.9051623998820896,0.23006774929063922,0.8653666801841154,0.30390255666730637,1
0.22189856726302892,0.30423613872833677,0.7075541572400273,0.5252155689941381,0.1074724873831101,1
0.13705901725934633,0.37852967263650106,0.33854351831368346,0.8517354114060138,0.5722531904898233,0
0.18671498608817938,0.028342999150862025,0.10236310557969308,0.7004116834099612,0.8470972670277709,0
0.7825380029049656,0.789875475575091,0.2609609460810679,0.9890860318483005,0.08640853681058402,1
0.8210953368618649,0.09681727394785755,0.26753130469606845,0.4954140281669046,0.05334077076399646,1
0.39417134544322485,0.3501143821948678,0.6471720817633897,0.7180134302196016,0.09049530043077436,1
0.03806847883423958,0.7758913223650805,0.5279913870992339,0.5346367535330684,0.980716671208386,0
0.4377415317496024,0.19619252147198063,0.6806411394056382,0.8156780614131313,0.5023607781724344,1
0.6918145899678007,0.5139314051554646,0.40735225842512623,0.034277923936988475,0.1737425820020655,1
0.47976748907560984,0.396528573758675,0.8428837681640671,0.10844592589486779,0.05012753459280772,0
0.08713726776657937,0.6780926696559325,0.5944734776727736,0.6322203280792703,0.15692145911651267,1
0.5163527679949552,0.7676700310259887,0.6838763625169423,0.4386878048549625,0.10350051334462984,0
0.8706502139259771,0.5262043418439842,0.8896607597953664,0.43870011132801157,0.23701302493760545,1
0.30741301024116074,0.418149327399449,0.6142231331900097,0.7689109882559848,0.24264063185229678,1
0.1877219206621964,0.20265877900766616,0.9344997790115172,0.1639488537060857,0.34574326053976434,1
0.48586762028248054,0.5562034856211636,0.8580851434041233,0.11288384343915259,0.10801339316320258,0
0.31640964988410647,0.4132014575235301,0.3737756619657826,0.3919018059686301,0.8514550010775153,1
0.836668319695967,0.805501305642709,0.7552806677850882,0.040389264902285005,0.14938770272591217,1
0.7321926434389624,0.5948439233289764,0.6739445778932293,0.7169313859191514,0.9113647097173506,0
0.635142945295681,0.2755674286755604,0.08301593702150356,0.43208472908777873,0.7098495654450867,0
0.28190140073621195,0.1200793157247213,0.9987424104679784,0.41887436526104815,0.21631479147553767,0
0.16455593879017716,0.8627823798995117,0.8196038782618137,0.6133205890627516,0.5471855110790688,1
0.9514390047883414,0.22826762335773543,0.41539359596518155,0.02466500182140563,0.4185897671662939,1
0.3842165202306922,0.9494932393901081,0.35823243553688033,0.834789259347077,0.7665936595147143,1
0.14727204998298649,0.962717222905296,0.6309657501725457,0.5965505272980036,0.01170544409259977,0
0.6992107936435272,0.05562886443190973,0.1853808118501553,0.09862098258724505,0.37820592304841005,0
0.7957115021328681,0.7073815460264862,0.10669514330779806,0.798461192783881,0.4608471405066009,1
0.032630777888048135,0.22382646026323927,0.785185527967801,0.7332997389231221,0.18835112314589275,0
0.03799906487772442,0.2952019439858917,0.7949268971961675,0.9383904820237823,0.5728856349285558,0
0.0911038549694867,0.5020861551811094,0.9987913721892536,0.9386690124911939,0.9932110039015554,0
0.6994147107182129,0.42608856459144007,0.8931295600944367,0.8951804630446948,0.14436483303609082,1
0.775385856811627,0.9193095194532702,0.8985196768787925,0.7068336174251361,0.5373583353944965,0
0.776749264321135,0.5161558413937166,0.3212340694165,0.258938493713201,0.5406572246613244,1
0.4559548805139745,0.5244952680338327,0.26069690853722904,0.5905831214766636,0.6620744197562253,1
0.8068488936824733,0.5899874226629332,0.7560708023670083,0.16938532596673306,0.12106269476251652,1
0.17964109040330056,0.8462651218176415,0.5561498859372241,0.4553152315296688,0.7621594237801231,0
0.12407791552716929,0.006207963729881305,0.31096480987347164,0.24889433405009143,0.3073308297682047,0
0.9735693471265043,0.5677457427960938,0.5891119046633415,0.65566928779626,0.3977254654992276,1
0.9789759164198037,0.9732614213458426,0.7692453128051826,0.2116921679641498,0.880196829229165,1
0.10091988356835147,0.6298948255198608,0.4572151415608351,0.039215673060334466,0.9039070102347798,0
0.9610928445216608,0.9073945351656352,0.1924667983561602,0.3329819012732921,0.9557329439151687,1
0.10642394408708655,0.5833047435213964,0.48552248561330213,0.15189863040315865,0.8865774927794661,0
0.13415442974959257,0.5927069608195618,0.31818088234304076,0.41798114017694643,0.21135961422904992,0
0.6246690653988128,0.9886774849256589,0.8335430976742425,0.6832058565765992,0.756381280639202,0
0.8392866782545305,0.47254709506175774,0.5670442057761589,0.8954827553189196,0.6959473341004578,0
0.13602320538784973,0.7795357605282169,0.022706316886867195,0.8475269932920498,0.7882993222843766,0
0.8307459855058849,0.0235925460299653,0.9724488341223395,0.6141320277331614,0.8000483931837032,1
0.5665591033710408,0.3397493161747728,0.296148367373531,0.06993395751577025,0.5425149432702143,1
0.14358915520965854,0.5675173846094851,0.6249162219492589,0.4420806979688773,0.15632484031428062,1
0.432707376699472,0.8786719742469593,0.4580477927103652,0.3427294581437266,0.6297639582782857,0
0.6188622658101164,0.09061649810988448,0.23649056841699378,0.4944046973123535,0.36633107279155075,1
0.319956911560339,0.44571370637182794,0.29031409142449816,0.3474717041572791,0.7736297930001174,1
0.5102309900809687,0.87285589438233,0.9485602571175489,0.9220773011229437,0.253711092646667,0
0.47288592981684907,0.5350521829151305,0.852190754704164,0.5590206687505268,0.2527154905718425,1
0.5475391138196709,0.044284494243486794,0.8341373704777799,0.5659993744712066,0.6517172095154652,0
0.20093912994832686,0.558134476843894,0.5306368903445356,0.6196309472564977,0.8474200512678578,0
0.7645384605750658,0.5468744090663498,0.8934030873387078,0.3584183482097858,0.49255082007369777,0
0.6494340036514784,0.4407666896680842,0.36141821371646,0.11239425169604966,0.6358994777582603,0
0.19260636530923292,0.13825497628512873,0.18215289237959764,0.6884804969054397,0.13835923341665723,0
0.9762360118111401,0.7585413763981187,0.3927347078804657,0.5932827520769848,0.0076266431052675054,1
0.8445319362289763,0.27121156902987065,0.07188370485827533,0.7581189005187965,0.3295816626446961,1
0.5675411582031937,0.8440315493019054,0.775931360659445,0.33683679236683006,0.8686965865295402,0
0.38884991449320705,0.5000238218891654,0.612458670148901,0.0709808209353947,0.5971638362869565,0
0.577417240826384,0.8734944749195748,0.35366387298681223,0.24218867800779587,0.4765145262728119,0
0.6873316495357487,0.5618942373095669,0.13820667198300285,0.34789162977885746,0.06378576343232589,1
0.7393263135066619,0.8829483228313943,0.04567300488093695,0.5254274910525516,0.5659800333751811,0
0.4388278810014493,0.5027337357677981,0.7103567334955356,0.4837256403213268,0.919652133951562,0
0.5408737976810094,0.07179665956735759,0.9533246606311834,0.14681070169138777,0.7844599000154783,0
0.5269056864718019,0.7408924542691709,0.5134298841813639,0.05897020033260769,0.3749259296895471,0
0.620685982040526,0.6288822185326776,0.973044442183791,0.6063246983735529,0.28643913139596777,0
0.043425490081825835,0.7884152011138649,0.889290456464523,0.6136380403720868,0.4823769360206147,1
0.8609865177191748,0.2403560790363798,0.39873208362447776,0.5076565542200909,0.0493726168808859,1
0.6885789951532323,0.18855986618074283,0.3331531849872178,0.4144928139029377,0.6385103296144475,1
0.06548403790747603,0.3408617367536265,0.27436173647242756,0.00151942211098266,0.6916534412184172,1
0.2359349358831263,0.1664383629389582,0.7979652627344818,0.03919830703969651,0.9002399477065001,0
0.6869016623038643,0.17174634742123218,0.35010302659389947,0.949983131982152,0.6188445822239691,1
0.6087176368883701,0.6530710921126518,0.46273775552819363,0.16730341318878417,0.1508911116351458,1
0.6873106443788626,0.8839413184952315,0.3002108866515808,0.5034035698760425,0.9922378435693913,0
0.2571611963463355,0.39021392855530357,0.36352159605851975,0.03258583615959232,0.5095169739840975,0
0.20867788650165897,0.1285975970536497,0.7104159993820556,0.7657604438085839,0.8888915350104405,0
0.9341323928637207,0.8690659601327687,0.12249467069210995,0.22362883404601386,0.12247529471092222,1
0.3535245309445938,0.12407184561837292,0.6532772966143914,0.7167154923709671,0.15959369289795433,1
0.6215760503809896,0.02298940660615867,0.4343702694606538,0.2853390540826978,0.9984948769677834,0
0.9227846189830934,0.1475654561162666,0.9173707913987048,0.4187898373933475,0.5766481275817577,1
0.533764426059802,0.7261565517557599,0.33495679369748843,0.06968258622736212,0.41762693979569676,1
0.5445055505312506,0.5549139578808261,0.792597630541634,0.04422584943175978,0.98809436198905,0
0.990565002891777,0.09901682210583607,0.3440174853642757,0.5903106756930506,0.3733258296399501,0
0.487624687805585,0.325928356722312,0.7121333236223517,0.3640172445207246,0.4298864184141692,0
0.5759077359619822,0.9692012627327904,0.6418044683936021,0.09692114938054475,0.3189006207547982,0
0.41971454426462973,0.7401738201884857,0.44687555177379656,0.6591042199100683,0.8394947563347981,0
0.10433758371691149,0.765739579943712,0.7455797978350008,0.8197123793973279,0.956066469669559,1
0.30959797541214307,0.4290204927134368,0.2626819990760929,0.32710562702507784,0.3298259590083117,1
0.8697750188358739,0.0628983176814999,0.20269860587482535,0.6105582143053621,0.7651947820705799,1
0.6973770539835885,0.04657567568187415,0.4537943812923666,0.18447358815758852,0.9881422066151606,1
0.9988919631983497,0.050898542917599654,0.6677241284362072,0.813064940474536,0.324779868960847,1
0.6936364362454068,0.1876685348155016,0.1279591532728208,0.9253018167848877,0.6425357244821907,0
0.8169472402224771,0.5327131734934678,0.15472535687000422,0.3766551849697328,0.8816569529496114,1
0.015606577597488291,0.20717763204511586,0.25328659807413445,0.2629957753981105,0.09858669488297955,1
0.8482196934705147,0.15951392000430864,0.829674385808854,0.355061777665305,0.4573180916475966,1
0.46285083960496176,0.713148822220297,0.7312998340891221,0.6406880280370267,0.7737684835511679,0
0.008303179031402097,0.5048104311991028,0.5240253440196163,0.23933984089084903,0.5563709080987065,1
0.46715736971387534,0.4721123086995527,0.11845053102463343,0.4352625383005754,0.7664307285518511,1
0.4099899912200442,0.48749842354682804,0.9675204117051156,0.8717842842493335,0.9287001573517093,1
0.077676550723491,0.6185806766288314,0.22341187460061707,0.4042436529491883,0.6797501722226325,1
0.5789148988570235,0.5057323147159682,0.8144484364712965,0.6825986293897758,0.8210451064041696,1
0.9319322465851133,0.7119708019575042,0.39539541448360305,0.21277834944333052,0.27091532091389914,1
0.39663007504870973,0.7400911037703449,0.04015467300432829,0.8142814750777598,0.7581349315808446,0
0.4994166530821471,0.3996668267642809,0.11269705215173953,0.28970157591516854,0.10962807335574465,0
0.8188845152675877,0.5093378630581284,0.2467867799283543,0.018089348520965887,0.523920968672742,0
0.7520870961781307,0.766493785626302,0.2144262042002698,0.9950620117048977,0.5687799162570897,1
0.3320070367074659,0.3928077470714808,0.12443684923788767,0.49335584834640644,0.7532954378072907,0
0.4094100974909274,0.866852657517033,0.47675237802009507,0.9006098243997138,0.7032037649944385,0
0.05500970158936014,0.06701746470698489,0.800106400749878,0.3568237124569007,0.18924507377078992,1
0.8653204809939223,0.9833066662274451,0.8087482352412625,0.7251295137487138,0.0009585597765613407,0
0.10597392623267121,0.6709437918534042,0.40956450419773804,0.01947532431963439,0.7408696665320537,0
0.4187650759607917,0.6588250285358881,0.4683357451670741,0.026497714393127425,0.6359245680654129,1
0.7880859838775025,0.15597678886620125,0.89108215691806,0.18156176311741923,0.42283663489359413,1
0.5271870234090279,0.3138657578902182,0.5004571989543778,0.7183563892864221,0.7144552006273498,0
0.9222827271012008,0.8620909309564656,0.9851055817139484,0.5953797631243839,0.4005146643116365,0
0.24009811438066098,0.24396937037835942,0.15092399865456296,0.7266669740505197,0.6542422972551021,1
0.2922941961065526,0.8921374837720002,0.5522863453068966,0.06901902925534464,0.061450924932735074,1
0.14318695008107374,0.21126336806296608,0.8874373414282631,0.7784483791836347,0.2017241390172052,0
0.2484923522506577,0.6367880229122974,0.8715230729177079,0.3167291235732078,0.5254965735217054,0
0.8903775487682022,0.7706317672065411,0.8915094582878127,0.27807385064696577,0.6909341479816052,1
0.11401259385954621,0.6162078579702585,0.3040255365164636,0.7014803144424896,0.1418745729821087,0
0.6655802690520757,0.7085191352644183,0.8571563154922882,0.687076591032002,0.5228642817750819,1
0.7841596523553163,0.28443317692235237,0.677466485452632,0.7245277264536991,0.3925412010854341,0
0.988966517753306,0.35608971459645833,0.08449116939490453,0.3034743795240089,0.0994371381099074,1
0.3393041574854415,0.12787288325093005,0.43953486385920915,0.7779754705286681,0.06744305310050247,1
0.5631079254688636,0.04382758390241548,0.8846091692185655,0.9213826460817875,0.492357843599013,1
0.7692311635804301,0.59291093527408,0.34066287799163264,0.24514079766011376,0.758595816444815,0
0.4299802176509616,0.9202384581836579,0.9756919464786635,0.2103926706225232,0.5610633050550756,0
0.5369342410435716,0.8680988616852913,0.6909849598315891,0.6073775064849105,0.6790248719107034,0
0.3894575196059913,0.9602914940539748,0.05762563960295586,0.029128985791558204,0.41558973626123474,1
0.15457594737876335,0.5448003227321566,0.009009903830451527,0.4596829747660347,0.2949245633886136,0
0.2023603465754702,0.4446495378128259,0.8545489618160909,0.6553946842347481,0.159941649859471,1
0.49887305864425,0.9316711188161946,0.4392248226396338,0.4705462318647263,0.9413576597682258,0
0.13580818298392738,0.7350414854226853,0.2991614000707097,0.8658916587930648,0.05436248507875263,0
0.9904015681566375,0.7686088199188204,0.28433298253941985,0.7608558936831183,0.9229697648433272,0
0.11291739117486532,0.913578367087645,0.3601744231746067,0.0064593054511995485,0.11242097047157928,0
0.8847939295886698,0.9826664681570786,0.8953720134927203,0.44153663184033565,0.9614101035585397,1
0.4068502191883937,0.113696069263164,0.3409414963802655,0.998421163589261,0.6259455987762989,1
0.3399987106252683,0.6241790971696337,0.42913582954995,0.04954859204175932,0.20112763031256764,1
0.01923533804886235,0.25479222283027336,0.7395650326494544,0.19331859439535592,0.5280563789310138,0
0.701603718796935,0.5486824173989762,0.015370538237193476,0.3633419708907384,0.4416305008496224,1
0.3427533506884659,0.546263775548773,0.5131536812736468,0.18745024097539564,0.7519740335305332,0
0.1611637141573421,0.4589653702387132,0.7563022005202569,0.6972622864274816,0.43218588471234387,0
0.7889204093438549,0.7137578958135214,0.3845359172782493,0.8955133797711436,0.14195952160000014,1
0.3584821215272105,0.6978096712411337,0.8729774508998152,0.32257972961064774,0.56124239953797,1
0.011839749830859558,0.37084279576362356,0.3309350066738628,0.8424709064139806,0.07397669056962031,1
0.062114572110604116,0.4427020381942631,0.40738900410162093,0.1615599305433374,0.26334419500914474,1
0.9741944866254854,0.5131825643570875,0.08785307762224648,0.04974682240154915,0.04193786972045166,0
0.38901904079463034,0.8656173730431953,0.8329165933371856,0.36788639645844023,0.7744235848712417,1
0.7522484570158688,0.48299544412749396,0.4043876619135034,0.1805486210150108,0.2787709874251687,0
0.33869543612373065,0.8127178397352586,0.5529529699233292,0.20091452691106082,0.09582761086331126,0
0.4966638275803369,0.6663166014700207,0.8188836128611328,0.7973146691542511,0.8241557185478633,0
0.44784734993460795,0.8656575078434725,0.44460825097429624,0.16812129058475211,0.39737854963929176,0
0.3400250774884511,0.39217683356935584,0.6586192630542266,0.6569165168489508,0.22490151938230674,0
0.3159305689192021,0.5953548969345507,0.08412846053650824,0.688664196216843,0.17889230528013345,1
0.8507111374968488,0.40158765743376157,0.2208058664734993,0.6678204086001286,0.554030805671653,0
0.17193562803419538,0.8271610404803034,0.4532890746702646,0.15224486476990418,0.7961819542269964,1
0.13343448172849426,0.9680385017972736,0.4418098083174089,0.7282222669343105,0.4519677297064978,1
0.18756266802177635,0.758114031632843,0.28935702129527885,0.6824178329583132,0.257372718396478,0
0.24110827792236,0.45744561754192625,0.8162393666340014,0.6136330520037349,0.0646688594976732,1
0.7338646963579187,0.5797710012591606,0.6235655298870544,0.3535781607427234,0.5561616510424016,1
0.3718886985756822,0.08150567116131702,0.8444302804945785,0.6780267227673986,0.6704390121306464,0
0.19367876460445788,0.6635965652419512,0.23203062384535178,0.6875346871044031,0.33353048462091106,1
0.15751378673555527,0.9062643498999935,0.10465032448095568,0.7617878166155728,0.10177566891515277,0
0.6847196430648147,0.11038559465851805,0.5088244706205737,0.18799569185131182,0.8665815827161463,1
0.40148456931185006,0.015426349500131109,0.6281612521900507,0.4451391389089714,0.859739297094657,1
0.4331441777818177,0.4111404801247529,0.45409321521313206,0.8598540182251875,0.5868225615265401,1
0.6693624202356038,0.7204108861557936,0.9375155224406574,0.8375205926373678,0.9272842616431939,1
0.3433049401842698,0.2148400421332164,0.203389511930823,0.857801092150656,0.8305912308809908,0
0.6504116113967042,0.06294238399355445,0.31804815738277714,0.7342012877684909,0.2485687737355421,1
0.6240589207724244,0.5427412218745395,0.26267237406026345,0.9343380308342589,0.25673904925980207,1
0.8947911551443155,0.5409319191582785,0.09182801302161459,0.8336247553381155,0.7914320442178517,0
0.8309745300950012,0.6381485456392167,0.7116156263248216,0.9070579801644948,0.1276983471212234,0
0.08303784435509731,0.12507563898566465,0.8700716426852567,0.5629341958249606,0.17606528126932486,1
0.1417120683398848,0.4454235553646432,0.8157340559105973,0.8051767195615996,0.8512530689440027,1
0.7689447334110394,0.06161980966467817,0.7201669042344766,0.5189612903950607,0.726412213246232,0
0.48428273963405766,0.48353905109721296,0.12613466099046844,0.9052252416399702,0.3746217564192197,0
0.5823740923503427,0.20715626643789087,0.3688888986598533,0.87057742318448,0.2095993652169249,0
0.20610561334229283,0.2604991102674902,0.5746610879422904,0.5206882210265349,0.17532200188791003,0
0.6919690209010282,0.9075400290973044,0.19882887733228904,0.6729538254626136,0.5863845909184338,1
0.3289389605399552,0.6178306186616709,0.20990888820796783,0.833954833441952,0.02221208651877926,0
0.5670629767740638,0.3187801818794198,0.8813607199240482,0.49936626804083006,0.8024880392708865,0
0.9238203448511534,0.33434955146368006,0.8803418565714181,0.7262789280745675,0.10817439710796317,1
0.10391994877129329,0.8173453908139097,0.4683160896049592,0.4951502709700828,0.8912465387146744,0
0.9038033368486655,0.1127059846866384,0.37364832294455874,0.8952267692691485,0.819854348343964,0
0.7210088210358766,0.10196720377283874,0.6211945662058667,0.5818514016619803,0.16716706106856294,1
0.7738587897339362,0.31197698492874726,0.6206257229780506,0.36183548580639346,0.0843952131049206,0
0.5247948924639216,0.30664313555565503,0.07131300334758972,0.1985089160925939,0.618855769190912,0
0.10138199938406167,0.08746634105211981,0.944021569030851,0.10752337912141485,0.37605972830955736,0
0.1334108904834873,0.93926909224225,0.48116139950344317,0.11111924211377011,0.7688164424256408,0
0.7807865877069391,0.901199463341725,0.7056553869086734,0.05471627384105826,0.5503115471029815,1
0.38403985873371094,0.7485810502933661,0.5909290085058163,0.7252005207922245,0.18044391787308978,0
0.43707099393445326,0.4321043269825159,0.9809746115823699,0.0191101628032726,0.8160429420809547,0
0.09711164298733344,0.08037805573409884,0.32817649315069297,0.7007668939071331,0.6784463237570509,0
0.6278806441246453,0.7745511027242677,0.23237805319973426,0.6338444448472836,0.638037545770641,1
0.654335512795114,0.5944536350553675,0.22152289283759352,0.9142988980954387,0.9760046285323771,1
0.6891867124199395,0.4440797173072206,0.5371907748071769,0.10837151807940648,0.36339589811261064,0
0.9761343539650122,0.5477222626071534,0.5606275435901671,0.9539798690202479,0.8863541803441759,1
0.5687163778040278,0.26899084898215375,0.11693141523225181,0.8636514256947542,0.9200915165175833,1
0.49428492134670565,0.09454856620637875,0.606224730533348,0.36746139894187446,0.15786066064738724,0
0.9191433896389265,0.2394490520477074,0.7111615158461626,0.42937785930268113,0.8279208672882681,0
0.7008349035094396,0.12316002961855743,0.4496117346567222,0.2597885552758413,0.7135844715114099,1
0.5446888267273367,0.34018121776785204,0.3294601469947981,0.11448699285469532,0.21382183336792626,0
0.7134662475960849,0.6099044804825281,0.35559594597783073,0.8361156056235955,0.4844128509641874,0
0.7944341543553237,0.7811801509955759,0.8479989506495608,0.8497717072153083,0.6790625986271109,1
0.7494234933956002,0.7769071960476482,0.16915940022235176,0.3002448283355277,0.10423973826554889,0
0.18937136240683283,0.7782872523011868,0.9471104338753153,0.6736354667308643,0.8860477070406506,0
0.31797668194100515,0.8457955803065021,0.33878593582571936,0.8941667249119623,0.7980458381772583,1
0.9835971854533276,0.8272727113763244,0.3982096586020495,0.11007978013576702,0.8742730998922953,1
0.5711909735333869,0.8581415493448842,0.38712891457567133,0.02894923346863343,0.05241658729473786,1
0.6704984793991049,0.11446257117117442,0.7454619956580701,0.41944260790568244,0.5631079176345221,1
0.80121337611943,0.25307144430312134,0.41290254818650973,0.7295573162382514,0.9184277572298677,1
0.2902997614949412,0.6227229443964397,0.9512139588594257,0.6488521890409563,0.8927891034743797,0
0.9397298514768487,0.929342622428758,0.758477084311003,0.5520954863028384,0.09675283789317168,1
0.2227061405648999,0.2557671265011575,0.03325957283696501,0.10192337790804695,0.2947566982782953,1
0.09074094225619789,0.16953500773364572,0.05441759737586449,0.4165326495990893,0.8213272916730687,0
0.8122438442032182,0.904890429598096,0.745599502587048,0.24444195670896995,0.7023898964558223,1
0.7538218957135325,0.5431075414411046,0.8070105962882533,0.07126584257665969,0.5947805869052158,1
0.47989338006849,0.805211814999022,0.12796059563587048,0.21262397664149058,0.5586919644553898,1
0.947205321954128,0.08319990215193174,0.7433770240038562,0.20539920200999562,0.10544886808488396,0
0.3947661138435419,0.5830528328432703,0.8270179411721079,0.6346918507400091,0.4916671429261613,1
0.28566736636130396,0.29255304333160426,0.7705768312650543,0.11405967503153391,0.14647376737164708,1
0.719736378996031,0.9610420292826047,0.12023420333306722,0.6094260828611032,0.23918838726807046,0
0.02575781487251705,0.8322676560647224,0.5086046039868029,0.02388995169441821,0.8954533020999587,0
0.5356852406273721,0.7370673884060989,0.4235048110968108,0.18488327270462102,0.465573305793742,1
0.28767235045265305,0.29673543878693276,0.6438781213058148,0.09407965505520455,0.39701453213658455,1
0.5466453941191628,0.7098574724265849,0.6328992626455531,0.8862465707105531,0.9923842825293897,0
0.9374234240147816,0.7641523727985167,0.686015254852777,0.035431684108294226,0.5334988126767723,1
0.6637169011387296,0.4129400479349954,0.3847966128246104,0.5425264831661613,0.9066399183945772,1
0.26092836912466866,0.3990548210729692,0.6530878066490696,0.18600725996607304,0.8349035805176538,1
0.6660672045881497,0.35226205971643965,0.7221670048248043,0.2793465373444466,0.7744608967348553,1
0.07068805305717252,0.4267519873767417,0.26163885786304497,0.8167003873467656,0.7527470629328185,0
0.8418613805611891,0.6515630421022107,0.7953224176163041,0.4387882692485022,0.6780574161018997,0
0.03111766901967561,0.8807246085395253,0.6847736512030317,0.8660964577184996,0.7708588676193896,0
0.28637668094126345,0.2728802295944085,0.7996387775735212,0.1847091918213043,0.11066120082843445,0
0.015042204994582864,0.29842804591865446,0.0992650505691971,0.8016865300967649,0.4845438309817498,1
0.2525152241433004,0.6020869381917932,0.07035241999696806,0.7261212512835015,0.5013930449414614,1
0.006476369228008982,0.3192171529147594,0.7501923733892968,0.18811517048358162,0.961877257871922,1
0.8966291443211348,0.7782387287959541,0.07854835850031527,0.3538372976333799,0.2981973451089105,0
0.13762531840876913,0.9996188950868437,0.1471976349527918,0.315327546543,0.8801414525677063,0
0.1443853607985518,0.46952797195373075,0.9756901306994696,0.24728848296573913,0.703058216969583,1
0.08003964837578093,0.600871941248288,0.33904953309882346,0.6995645320272685,0.432890005435277,0
0.2989986465546606,0.5460078853341835,0.13968691292071989,0.8144319706485138,0.7507093919816078,0
0.544968171573501,0.36704830129739485,0.9152261606892889,0.6344583999974136,0.2848001324115168,1
0.8067086086892393,0.635019701732663,0.12701261654684182,0.11423324460873008,0.9381050194336367,1
0.28791198112394434,0.6634825993214409,0.03643387306741053,0.5565019368054474,0.23112863778434456,1
0.13962626935695666,0.7735031256342613,0.8095426569395616,0.7152122338665443,0.011186845141520685,1
0.284909215643284,0.3609612664364972,0.6908502238516318,0.7555436816761115,0.6278549220279129,0
0.7890883447380216,0.42729987781946466,0.5418449898367711,0.06425017507722797,0.4271632465454249,0
0.4326331134961543,0.6115201095682636,0.37789635267831634,0.23845498705148627,0.23759628926066478,1
0.133872894734557,0.7010226500949179,0.6225683810552795,0.5792499199404496,0.5310196292654369,1
0.36753749886657383,0.7687168666307302,0.9220241650726186,0.4399891891984298,0.40908860594689456,1
0.1627275570844533,0.6707088053140171,0.5580922633778134,0.987997996237808,0.584323166769958,1
0.2886108661948892,0.5629406617279221,0.9846952327210784,0.7233351800241498,0.12857730876994367,1
0.3431626183319463,0.2986849610525695,0.8568237789874162,0.6111628481612074,0.8101019962326655,1
0.17624605343347766,0.90803490496635,0.058310997095601946,0.3748371871207484,0.014149044286431933,0
0.18427949410697408,0.9622258658374313,0.07849533139047571,0.14540657737161078,0.92484902624552,0
0.7101745639395534,0.40696440864167316,0.06876581738833432,0.7850389590792439,0.49272660547565583,0
0.32301686632399207,0.36075042547508007,0.5052775379745039,0.5512328230781661,0.8180987708704331,1
0.7717037220699862,0.7670586915202087,0.7292979863202854,0.7577869151430114,0.6776015251949387,1
0.8680234733881464,0.5574542961060874,0.5208442596064341,0.701295978638867,0.16600597307977494,0
0.7769517138350426,0.9361558432172887,0.2962599648147055,0.6110449571784767,0.03262251360104129,1
0.765822862672667,0.5596681731860392,0.6736542846346952,0.1429927199418044,0.8094548053608013,0
0.25593633734362786,0.6847922032934237,0.5931417650302112,0.6537914461283671,0.05023728680615802,0
0.7418505702312232,0.7952497285276757,0.4748158231524108,0.40886104423708436,0.3425447039548394,0
0.9278819064822702,0.7550682543415351,0.6986187272366482,0.9256066246254857,0.3487692306192136,0
0.6301380858165785,0.6860568305268462,0.9962275433177508,0.4271861144071557,0.4001810519397775,0
0.08448792431060081,0.09845248473997514,0.5117990605316475,0.17118195943770653,0.07293083225695762,0
0.9648930050352367,0.9514173979083198,0.3252767683489932,0.7898694069333043,0.8725490536191707,0
0.46474706778399055,0.22369710576036517,0.12980482731078946,0.14082237142510357,0.7969331547370067,1
0.38441581502626276,0.6935076504505486,0.5386934343853417,0.3946683804234553,0.12381573918426048,0
0.33344898762893804,0.8401739208538073,0.8113979369585518,0.028368591965683976,0.14027655837512798,1
0.7559012167332496,0.33573289636637527,0.6435910669585375,0.5626757389940499,0.6520673153948854,0
0.05369655092428727,0.9311192055302268,0.020969549755315287,0.008032495984745314,0.22615300238889735,1
0.9934959194307331,0.0725324346003734,0.8745001740107142,0.1590890704433059,0.10910329319019085,1
0.7789703976190943,0.8466787145536686,0.7921828884592114,0.24102887918774918,0.879842726067651,1
0.07188543219013832,0.34197746323905953,0.46318312572777964,0.06773527160702275,0.5798432785486162,1
0.5593830170655902,0.9921825749081836,0.6216640027879551,0.3975456768189961,0.7901848475346278,0
0.33496700417359726,0.5328686543725368,0.05546960679322077,0.3226657744660447,0.528108014753994,0
0.7023118937251868,0.09903279037046275,0.7971867291439169,0.9001589866512645,0.28103716556109415,0
0.7653465807843041,0.1803484911606943,0.5234158717566895,0.7976353650720744,0.3864916855784588,1
0.026300252038820915,0.5399673752141848,0.8446998729007388,0.10832737731459352,0.029641402142510986,1
0.8090407759845862,0.26713257867135576,0.36434370573888397,0.08698202990459991,0.09661898442446726,1
0.6145433569160066,0.5522296493464929,0.29240177641425236,0.45273755628477486,0.3881977643430251,0
0.6950529164212854,0.8620890248135873,0.7651024194460166,0.004407649668200508,0.09955346112119257,0
0.4293767800534124,0.8517988558811007,0.23697418807404502,0.8789520865485086,0.11001365854113165,1
0.07260712384847423,0.9134196971455978,0.16197692599669145,0.46377558163211574,0.32595704417649174,0
0.14763643466486653,0.6321110149600365,0.9636727141315075,0.6581094468542239,0.3536986827773304,0
0.7117969558099174,0.14324815546973346,0.5800163106934103,0.469457446146198,0.3599835714236381,1
0.7395673024294248,0.1184871454224401,0.532790475483174,0.8543973265533442,0.20171015569583217,0
0.2645412419294888,0.6606717927717816,0.7725869583954947,0.28333560138177294,0.3598980085367667,0
0.7399124828894812,0.28532366513703333,0.6662475047064852,0.1588347508057827,0.4113104594884124,0
0.6886772097232317,0.459904556101958,0.019237348358529194,0.40638035710451403,0.28833529088967413,0
0.10128218282935941,0.009138011648651134,0.045515401566355806,0.9492476577377409,0.7498192076782529,0
0.9397417129131407,0.11478389662015809,0.5705097165983323,0.08328856504819304,0.026806391200702717,0
0.46628114444025737,0.6463435472978527,0.06356236092479906,0.36505971672699533,0.09016700157450108,0
0.3621036419001563,0.4717956982955299,0.33753138532425475,0.5762490243007071,0.5845900564236849,0
0.33293533278018195,0.38959841607776247,0.44106561791226007,0.37565330657612717,0.7606476605576575,0
0.13994750401555678,0.8570354299756205,0.33125101741851026,0.7239608542398344,0.8837757950891384,1
0.8874527016712142,0.4523650700145322,0.2566031579018275,0.6057604287571362,0.1839630105909471,0
0.790596872154085,0.7113448991499883,0.7956405243040684,0.4332575084152692,0.5574282998979453,0
0.10272663649775449,0.6876456175996107,0.4868386805583007,0.509238302018655,0.8469921486916285,1
0.7723211095888427,0.5351925411471611,0.3551063267908019,0.4464354420690272,0.3507636712202066,1
0.15160541670749905,0.6457759748174168,0.6915150025807378,0.9712100345381447,0.4557044757953512,1
0.9972924127590999,0.18709858550581937,0.6566308329805839,0.9947686429684875,0.6403249693903407,0
0.45236989582771936,0.515252300963446,0.8455111384836338,0.939110495786766,0.4539265311480527,0
0.7723700283475132,0.9336884198553487,0.2821205756954136,0.4931605942333668,0.995417554952839,0
0.353478565211064,0.6196879558776626,0.6570315557571884,0.15414842694784225,0.8066170255444832,0
0.41290060925806626,0.5003234135683277,0.6428424701678093,0.41048469437114565,0.32508246564706644,0
0.546430728191143,0.34678493418248335,0.434129723862405,0.10840750885313977,0.844743061362904,0
0.4117072252702524,0.08278400753822857,0.7900237508387914,0.019625311333283157,0.5993462005611501,1
0.7026637597298496,0.1912104075291846,0.13125942920841271,0.11388302750940027,0.9933299901734814,0
0.7550868248904223,0.3127104703666297,0.3355576755469285,0.6486247546368902,0.4576719585501443,0
0.27134014406226015,0.057096606567453745,0.7838536449883658,0.8882258656128097,0.20595928608054093,0
0.0634051142164368,0.11862550571168584,0.41425931173621144,0.2993482472255492,0.0734578159217818,0
0.4548687439182266,0.20391890288336767,0.06694857935229037,0.6579281387512655,0.5725062924018219,1
0.8263978978068721,0.3022814997152907,0.13582267738547682,0.3601607549354584,0.7787070515583997,0
0.24173935514896594,0.2550008499272288,0.1475846840222682,0.9865143618467019,0.9673098252436428,1
0.6580521383755662,0.214818084286152,0.7665563375290789,0.5839334295997206,0.7495661385656588,1
0.8604103604409608,0.3184743672731636,0.9136987435918413,0.8985583297308691,0.5471305011525952,1
0.684571553188297,0.41103588882638165,0.655102740425469,0.5489584724202075,0.32281989035609593,1
0.32283856197795513,0.6516660740469307,0.9566280304339884,0.2015482805335277,0.3925366528956067,1
0.805709191300836,0.12301147388662403,0.9941667904777521,0.6781385752746263,0.9108004659626285,1
0.8380535433677244,0.7771349355463758,0.03290106028955875,0.40649611558819443,0.20186239467081157,1
0.8713333276176037,0.680286266798449,0.10707331182262614,0.35959775006557615,0.06930816923429861,0
0.739996628307898,0.418317975632316,0.234371269219819,0.5176905873654162,0.04204443479474396,0
0.25729461328798353,0.17530421446180866,0.9306436603526761,0.37710740602267545,0.5844729664013275,1
0.5029419508328105,0.6592048739774018,0.2791160308658899,0.12077957934348815,0.08145160606053314,1
0.19339696425130593,0.4828295529686163,0.23602738610486285,0.4340020787080865,0.02930255303534446,1
0.6275510976945484,0.8781615988681535,0.04758993998091099,0.2180397663988226,0.31777040904634235,0
0.28724057422982885,0.04038515448560531,0.10657847475567583,0.912461789021413,0.7113618018186121,1
0.958438072242095,0.440462106935388,0.8790331356208997,0.8165392075742577,0.8749410555097594,1
0.0391541609694499,0.6525156567896154,0.5666289424426034,0.5452157580791216,0.5043839663749734,1
0.7959765441591939,0.9680569265103341,0.8289188325553815,0.8703953735205573,0.4839027052391409,1
0.6906092702738085,0.4155643325777265,0.3602861443805907,0.8952813986031868,0.9052112575710684,0
0.6822201922917263,0.8378421896027927,0.360363734932274,0.43376062989282305,0.8210162920323661,0
0.3980502802706275,0.03996761920917524,0.353298349149453,0.39823030414678107,0.1546362003395415,1
0.3441242849404804,0.9344220150001339,0.8585331039016134,0.4459239610045047,0.7098895698897182,0
0.15184996190188538,0.7525508593137176,0.4757847699644099,0.722568212030899,0.6440232549431909,0
0.23276460794952325,0.8346915717220937,0.5721766235167923,0.7841974125137517,0.09398634552003082,1
0.6153503393155135,0.29188401952101517,0.860895367570206,0.9495059661274535,0.05582763560961801,1
0.7242828964599223,0.10297781628104696,0.8575073663881266,0.12452433218672687,0.19500687254923066,1
0.2516201622040495,0.7278326865594151,0.2925344560583296,0.5960848594197047,0.5719426671847699,1
0.4022616196442157,0.5394895646246132,0.11819181376173027,0.8761742517288794,0.20707663971772494,1
0.8802266228135913,0.5187374394549914,0.6139359178010393,0.25729702820899336,0.2223294630592787,1
0.4907029679302678,0.26735939311486656,0.42313903191789626,0.4402199453252603,0.2709173246312815,1
0.29172998380693915,0.9729094104958854,0.5874552495434162,0.8318746200181258,0.04574228479971498,0
0.0019246180368852617,0.5191023853027615,0.8268053042371657,0.61091883707987,0.6188296863274179,1
0.13935841709830743,0.9785674786600339,0.5297006254229529,0.10260182317337319,0.4141972947582515,1
0.07197118070960429,0.41814026606953103,0.711561795739014,0.32352616846691706,0.31310226227965743,0
0.5143392348753101,0.498485947081172,0.4671426852137024,0.5168443470811483,0.04795915045479071,0
0.47426671963377576,0.99201075095965,0.7643355666516073,0.28756918583787217,0.6777139544463165,1
0.3299025576487271,0.19151412251613076,0.7735517284233819,0.2095863391415156,0.8586259674204981,1
0.38040961572196264,0.7568434191835384,0.25959651275778595,0.6527352109525871,0.21253177036071547,0
0.021834476328825403,0.814604165713378,0.8561627166193668,0.8805741953936403,0.03629750531937226,0
0.7609218215128496,0.8358704089580175,0.31169813032137983,0.4704512988867102,0.4079151496177139,0
0.44010233897308126,0.8467041886397946,0.4178687515173588,0.3023638031348289,0.13038318808710125,1
0.674839315890453,0.08420393370759383,0.06118225686037304,0.6815792871687629,0.6942889489381876,0
0.19908004652782918,0.9571846394004219,0.7878140020976369,0.6864280426545029,0.7543475693456857,0
0.4118869849310288,0.4556424816859207,0.8702148788036813,0.025419016531480154,0.8024211553180449,1
0.4475685454697004,0.4639684845015536,0.32569963104990407,0.6070720374090072,0.675673355134575,0
0.1607536415293941,0.5657168770680302,0.46491186269398155,0.7819086688788346,0.5452872924928818,1
0.4295732123074507,0.528931058388639,0.4905675058786396,0.9351778536220976,0.31188774587525936,1
0.0373489538766385,0.6619967541970712,0.6038431208328361,0.9099693095883152,0.11747661736359871,0
0.5226456209050302,0.1507710500307876,0.45570896971503483,0.7993696809825839,0.8573880362775477,1
0.8338603603355235,0.5474048335022856,0.6339601234981093,0.551564537696068,0.561235778867926,0
0.8851508885227243,0.2092728948690552,0.43876588040404485,0.6100628502239768,0.7653521484600008,0
0.7618897234256313,0.11724835531494149,0.22190996538224084,0.9115182138103167,0.3575192887969747,1
0.0027126419283125536,0.1997970684133168,0.9695520976644592,0.30974856628882363,0.6137145488867869,0
0.7266499001887678,0.6465828362741388,0.377566186755942,0.4304151153593757,0.8379853126516387,0
0.6627851314178909,0.023435273270588808,0.20345758552181037,0.286297938336593,0.365486701563029,0
0.576893723394609,0.3665105963723867,0.82501191638993,0.4738355788370424,0.502178767052265,0
0.42738918514664315,0.31046635039251314,0.7248001189847344,0.2295629866493677,0.6894898143514939,0
0.5297061496208644,0.10226323455658659,0.017967246549988825,0.16944362163817017,0.7610208856986331,0
0.38459756227189035,0.8048765095890777,0.5019058152709047,0.032746628324165084,0.8460983748023947,1
0.9362634356333166,0.07421520230828627,0.20835066811861436,0.7155529202644326,0.9971755425613886,0
0.8763037238169338,0.09894786099419428,0.6072370942799142,0.6652037015151241,0.6308320879207611,0
0.5680602646117217,0.2922038985417139,0.6685061670661111,0.7284512659615379,0.5757662006558832,1
0.4971555264847729,0.21903054850374482,0.544724032999011,0.12825046653576655,0.07271599148777763,0
0.7778511956910956,0.6762726322920185,0.6490322100183676,0.9281277245887563,0.380772716271079,0
0.3997320215077447,0.4137469045732455,0.4652830906765194,0.5128429892060336,0.778017432090168,1
0.21770331025868572,0.43408443862947277,0.5051273668765754,0.16911767349849927,0.7019427212928785,1
0.056270741511361244,0.585912498380981,0.20214216022385179,0.00846826080090346,0.31577163211802517,0
0.42914068051340326,0.8173011795486068,0.40784565430150355,0.9154355671695661,0.8425388001724243,1
0.19273760450581845,0.15571731313859904,0.24384202544461786,0.3596818932579673,0.5834805685366282,0
0.12408150176017452,0.5320412841608176,0.5807732325101336,0.6608902425766358,0.5500920503741099,0
0.8251716704473763,0.6415904412488507,0.924551548065956,0.7009240999429119,0.43611021685175944,1
0.2096845788294861,0.01052070834275698,0.09040283757930234,0.1896757410318879,0.21644135239393492,1
0.7420440813504606,0.38605579806917334,0.32453948226703033,0.05236755379692781,0.5386605463227377,1
0.6129088813405844,0.8778574160053516,0.5028420568562586,0.007720161293023442,0.06527875775786973,1
0.2710053389880579,0.13918558358883393,0.7705874091394969,0.10785698112290965,0.16078348273836296,0
0.6667873636785483,0.23962836849499947,0.9690809909686904,0.8631876978715013,0.7445401717583016,1
0.3431364683167796,0.056779974302291314,0.3364009582855213,0.37672986014582244,0.12743281090294067,1
0.12064080432579338,0.6681083300081316,0.2324024254932967,0.6780107046877922,0.5483013477960305,1
0.9014638498259986,0.7971698777045275,0.15137203265928545,0.6101615477633923,0.653126749352159,0
0.8620544973349286,0.6409567626400108,0.1407142175425643,0.25844922884581045,0.6375989537603833,0
0.9119423743936659,0.8915289668103288,0.35918614070877486,0.8306733097204584,0.5112878980093163,1
0.46434277302221016,0.3508871369210602,0.6782027941643003,0.5995976131592933,0.3746638355378855,0
0.7628381871361326,0.37934548079704755,0.5843872943494145,0.39238291008988657,0.11687666596292068,0
0.16119437565696038,0.6567388723093563,0.8112233891922589,0.46846296449876945,0.3255871911257048,1
0.33649748134748936,0.597647296541009,0.46768944689128544,0.0007387055240245521,0.7714719747262383,0
0.14231793782476032,0.6748100815949779,0.34421391174489036,0.578002586265674,0.8551173764867456,0
0.15427259674128546,0.777635207036862,0.03830844978479664,0.9213685806594213,0.2015865312514502,0
0.7944136944198734,0.06722049323822943,0.32704842088585184,0.633547395253158,0.6588246734526851,0
0.6988095933196741,0.3508590752200226,0.6660082278874625,0.42850143526269835,0.5659199217467427,0
0.5472264898017375,0.1681398661616964,0.8465982596671198,0.8671411451089294,0.20372536058994872,0
0.4165334873458757,0.46487577040596706,0.5489220167912904,0.022272605074152296,0.758815134585405,0
0.8619583074243617,0.14219387777989145,0.8966289517716616,0.8509122164102902,0.5422567499970748,0
0.274731710062316,0.20748967428035114,0.4891254428623719,0.5072041461106416,0.6518683454464771,0
0.8016374547923306,0.9344998699648972,0.7962808938631863,0.9090453225361039,0.49936849942003037,0
0.03888459391900645,0.05183018050662436,0.2684875256648306,0.6139862169549561,0.3352241500467992,0
0.16614370459480599,0.8504950967123547,0.9849947719029213,0.016641526694121223,0.08942409239035054,0
0.49933875546185025,0.337667247832789,0.7821512143919871,0.6543022039703364,0.06851036552536816,1
0.5448832108719035,0.3365325451613973,0.9651126233058702,0.4752790488315919,0.9276637093163028,1
0.030174590540794077,0.10327466643008376,0.386269037944338,0.886956705855573,0.5446040794302353,0
0.8241405248822241,0.28352963359486083,0.11149430297597429,0.24603882075199612,0.6453034111177451,1
0.8714170992146502,0.4549993281843495,0.19361553008450694,0.637612045911859,0.19693397122856382,0
0.5702877022583487,0.10229172268589581,0.8111350681407227,0.8051666566984043,0.5412554980396512,1
0.038182606218306825,0.28018541613219305,0.13828485126405166,0.5234558380679524,0.10173430227093205,0
0.8697265059530425,0.8501642883772289,0.15609807483565452,0.6948880350068986,0.6965032882875483,0
0.3967543960704384,0.15299909191315897,0.13210772225683298,0.7394759514842324,0.22017741385707634,1
0.6034537578449289,0.8658816165382949,0.593099438200347,0.9739623410983492,0.6455018928287893,1
0.31460311343120684,0.8524673317659941,0.3109123712700944,0.9715703795219163,0.4777319450607802,0
0.9532470682622816,0.18359823712147239,0.011398505229599287,0.19613129595865497,0.098368368086868,1
0.7339560224032454,0.264545655177468,0.6394741894562697,0.6686570401686123,0.6882453404132697,0
0.8326081212627535,0.14896585439240673,0.050464031446086244,0.029705131037502608,0.10379000383066517,0
0.37918553593813875,0.9673759386810711,0.35322509778753874,0.4529229291033223,0.814396720093835,0
0.918598019419543,0.9714415031622033,0.8264512246683747,0.5025160580479662,0.22947644783591536,1
0.5983669561516127,0.1967950467570745,0.055724732249211706,0.9193539351426641,0.48479030591605,1
0.5082402238871366,0.6092190260638908,0.45140855743900676,0.44443046490121985,0.9151453175644294,0
0.8165461289600618,0.21259219845075594,0.2917776292205596,0.6606226401293537,0.5710919190204653,0
0.7661593537709837,0.7276326213854861,0.7085472124462104,0.8802179108805163,0.7665530942153159,1
0.24284738853983678,0.8728371990202122,0.3355322051344013,0.9108944844680726,0.8242699647177867,0
0.07408538955607702,0.7712806145993083,0.5001141137920685,0.9771127582524629,0.45841893600901884,0
0.06700774772280249,0.2931365630727878,0.43020942398506334,0.5919176779904017,0.15210578397004748,0
0.515082627268532,0.48347280208967136,0.8366625578379449,0.30240291081530735,0.44951744397389237,1
0.3886126636496263,0.6322313707591212,0.8361889846717717,0.6756241324381823,0.4650489957160312,0
0.6378296950517653,0.322243962312318,0.14409984176356616,0.31971792444764024,0.4436895659334531,0
0.4392649330026619,0.7376012424773637,0.9363453609123943,0.38895940259026596,0.08644851877310678,0
0.03341318481876565,0.0039527704982638134,0.938100151746316,0.995633351341769,0.051384077556340446,0
0.3582087039266396,0.6693451372953363,0.17894539914167606,0.5944371882052275,0.8136173598395464,0
0.858086429711447,0.7064206771619143,0.08176417728222962,0.34839578457648346,0.9673427767710997,0
0.1927550632417384,0.4539260735714209,0.33417693465582066,0.20553828469295976,0.32353608755207564,0
0.18951867383388654,0.8772533541116465,0.17444328374868479,0.6235441683946658,0.9423156128110944,0
0.9526457076278734,0.600424668043393,0.2708959232689697,0.2478978113176964,0.7474706794318502,0
0.9807073247870837,0.07759497895118295,0.7894685813654329,0.12298537956513,0.29818534709712874,0
0.5666236519805916,0.2972246973231305,0.6502611749467293,0.417195874621489,0.21911373306782067,0
0.5309307478544176,0.024009735158361356,0.741078349912359,0.5222888661055365,0.946700317994948,1
0.10278946921999055,0.7322922382284434,0.300950393953876,0.3731486833446641,0.3484867222874096,1
0.3580219178588273,0.4308349530771063,0.021004850918864393,0.846757356662869,0.8817959426719559,0
0.03955653492947386,0.7760031935908491,0.07227260970566407,0.8078135982846049,0.612987721822278,0
0.30635276167105463,0.6138825989735013,0.506646103975624,0.6357548248117024,0.475371777998587,1
0.7728745916575913,0.045269537391796844,0.3442823086944463,0.5592867480866756,0.588243031068094,1
0.16954498698396991,0.07452960449773915,0.020978620456929553,0.4130136247362677,0.3303871766913352,0
0.5678079933573694,0.4495148352372438,0.39406805489675034,0.8433205930452905,0.6215161489093242,1
0.646100730419729,0.38182638178203443,0.7768443161142473,0.15208757116482763,0.4020007294230954,0
0.04717390506861696,0.11543735286477286,0.08152585623027753,0.44143613157115325,0.697324357253977,0
0.3126967106493197,0.0266110617237183,0.7072083925113755,0.2074330671679081,0.722674687812846,1
0.00735462496149375,0.3123421011780454,0.6212307464157539,0.8711507704660503,0.7541284425726265,1
0.44961971993486716,0.7185148028491137,0.5375414072859619,0.8133955560578191,0.7720655495541976,0
0.9758521690469177,0.10493806764270608,0.3407049066854154,0.19237680548489577,0.630768083582035,1
0.664027697899851,0.20381068391882773,0.4215526000290579,0.6021502225529055,0.6589532016326924,0
0.10264698441252118,0.9210728280045265,0.03408311503660577,0.9729424035528168,0.31632582021877753,1
0.31634557272841757,0.44602599547365085,0.6949583598960435,0.1596017836848187,0.25498477999575797,0
0.9615726847890749,0.8768421435822575,0.21239168479810921,0.5730114352341639,0.20360175051479712,0
0.5500612576007611,0.3657732950128433,0.36242473988900614,0.6350698517641826,0.251840848167051,1
0.404259605194918,0.9252588494034135,0.7553647993250375,0.38328344328237185,0.23026186562166318,0
0.6590116303008936,0.8076896856124818,0.8607646812891324,0.5642812798695664,0.516799857011912,1
0.7196424013330508,0.17576683370575252,0.8521389353538882,0.07392350448948981,0.6030169007129474,0
0.5896935140789579,0.3107023151888315,0.035462857364521816,0.7178548722322042,0.02417412315198486,0
0.17961168058899024,0.5442368279638038,0.939983031860934,0.06593350871899673,0.5787869362884478,0
0.32889303484252774,0.6694179714517258,0.9529088157741317,0.2685903156557108,0.9559269850484764,1
0.870626300917259,0.6070559158320884,0.7582366720884796,0.8648880043346862,0.8034686319581397,1
0.3267076856436716,0.8126040768415994,0.31351884122019824,0.8670792923398964,0.2554660506403249,0
0.5722608594657457,0.6929236445416613,0.4257912305822382,0.7829724953325222,0.9253559050231447,0
0.18625309406668733,0.03344265167011862,0.6265164169237312,0.6021868625845238,0.3413044536832609,0
0.7854629766263735,0.826142548700175,0.33198568031595,0.6822724995992991,0.6420250716499077,1
0.34264417475720754,0.9691482565592469,0.3464022512680025,0.6202840233040517,0.3801264126433137,1
0.011833027704200139,0.0916384947670561,0.23231633186193223,0.8121681867134422,0.4420648515259413,0
0.5886236642753964,0.943856572602534,0.1470237116975518,0.8618193696255505,0.37923600796297074,0
0.3374800023629234,0.6255282909356904,0.8986385505538822,0.34853591242389703,0.7614082411877006,1
0.019242084525597947,0.623101612367986,0.6305586694939103,0.556060520273184,0.9378226242614253,0
0.9385912799711235,0.34206087680729336,0.4563642523156438,0.7923755503786389,0.8439114008682629,0
0.41796880483690846,0.3490265929433144,0.8206165297611285,0.3768694883953222,0.4052321926026241,1
0.13553043110555074,0.5429491375419353,0.326448065451616,0.5906067294228793,0.44820906746415645,1
0.7481364627635777,0.2777728722071735,0.1719995588072769,0.702959760774412,0.38412720288018287,0
0.5636035750358989,0.9410687359011349,0.4840936949781862,0.15239212924667667,0.4267035131904672,1
0.47853097583229487,0.7659784108779331,0.1951882554966371,0.346901767343339,0.050028319564352275,0
0.7019779314082053,0.7439323438996529,0.4571913688027571,0.5382686586643258,0.7498138382317276,1
0.26830143047393706,0.6069652858904117,0.9639193476849505,0.6579678184122032,0.07811013672136391,1
0.2902600693962393,0.519126605763323,0.0726707666846258,0.6765698118812816,0.6542121992729171,1
0.8763236906269641,0.49999278815421,0.6921385497664847,0.18201820865306007,0.0028696926893532204,1
0.17225399436025612,0.06221459830701659,0.42771802485928356,0.4683033372636122,0.6444726975097004,1
0.14077186642191064,0.21471609749618914,0.7983261625576152,0.5765224947791882,0.029363593684488487,1
0.8484046723239205,0.6298055982244036,0.1866391064364855,0.2520657412569218,0.5535474138252426,0
0.5608011815260024,0.805188663940378,0.3585826381733387,0.5493031465525254,0.5825379784982245,0
0.5586764177266628,0.07290584537773248,0.4112528744338819,0.3388841212892876,0.9927777182392672,0
0.46568856348764354,0.4352278756905461,0.4836875664225595,0.9192825819693626,0.6114538546344244,0
0.38914338748805266,0.9125773965506846,0.9298429415670627,0.2643127338652622,0.39339609215398375,1
0.9664586700483475,0.5410486888622195,0.43174507769064985,0.1954045352755338,0.3844388397446181,1
0.6312347247209462,0.03870114739047559,0.08330628677966001,0.0053764050237603556,0.21892733452358049,0
0.1829927988660186,0.8508076809625169,0.18523802261180422,0.6611810258636206,0.11835913400537623,1
0.5935597702689782,0.43562015170382806,0.4086681157269886,0.8565618926846152,0.16771946679903516,1
0.5952181582727776,0.8218640558900577,0.7138968224944412,0.983345821144994,0.002105876469276069,0
0.8843593145170207,0.6134513562538227,0.002484530654127348,0.4654938213735075,0.767437377139007,0
0.18254669511078414,0.6784771815123953,0.13966842033211668,0.8034524387896456,0.5684633683212377,0
0.0338866526654793,0.09087570749193663,0.8638650496690433,0.03300141705578441,0.2985425988942597,1
0.5669118875750954,0.21343978037563882,0.2242321657352231,0.7760340116507591,0.29099458431204905,1
0.03858294947632501,0.7211218000062737,0.9543659583748518,0.831933976609196,0.5485620294750649,1
0.4248837530408758,0.9251651708878457,0.7662254383182043,0.5706572412350033,0.879822318913478,0
0.6017123634777715,0.9735046676021065,0.8582904782951024,0.5504452306955059,0.9228362096151493,1
0.34243895368408506,0.7009270213570987,0.17127560280475662,0.8953649150583347,0.24805014988861895,1
0.9490325116266806,0.016991457347478534,0.6818368967363999,0.15005616970155633,0.770811472185411,1
0.4919059302935537,0.9096502525641686,0.7150692097144772,0.7682659886484968,0.12047936918018931,1
0.09656121033732057,0.8505577051866997,0.22577384358251995,0.8669418260791785,0.1425381374776442,0
0.30845128065380956,0.9287387292602213,0.839717833081473,0.05424264390551503,0.44809751028516365,1
0.9098678421436106,0.014757842125113996,0.10731948676815573,0.6451958850455535,0.10498348290230974,1
0.4488382511404103,0.5078227819168705,0.8602540635070385,0.9573908202870169,0.5122309479474788,1
0.5103603217049822,0.7267953384895708,0.19250661664810853,0.9408585406397818,0.0011989244531699361,0
0.0017938700722879286,0.6256663618033472,0.3414846922807683,0.39811524029805667,0.22143717585733358,1
0.4078023974152605,0.8279831434226897,0.6992494481902861,0.09465375584306712,0.056679838647157865,0
0.5061927974768582,0.730160963366371,0.6644890690964183,0.8641146937065861,0.133264617858727,1
0.60575263687778,0.7660145473300026,0.9378407880301229,0.10088303738469417,0.23964185072178623,1
0.3545914321628617,0.5407504250520415,0.40861219440638397,0.8611172840151745,0.9505269378820449,1
0.07007865627221266,0.6996806323076503,0.11427331874880942,0.8979551539368731,0.14209854344521022,0
0.9915112085490017,0.42775021193431095,0.381936882650754,0.5862804843597466,0.39435643649234364,1
0.23469360667903127,0.6291438441942256,0.7283635985600678,0.945321605202606,0.40911860757906193,0
0.7057729355302871,0.8336035165419347,0.831383815868042,0.03427013857978678,0.3557023200321864,0
0.013418359166276095,0.5590799207256321,0.865090426100416,0.8149180335383379,0.8112495727063341,0
0.351835997837486,0.04632965482070961,0.1724177216537356,0.6706913590081748,0.13384279446704428,1
0.12532836775372735,0.35367523911272525,0.09453482792954104,0.3297841421451255,0.969692653724781,1
0.01995110878476447,0.8305428072183649,0.9936216630143715,0.43640527411765573,0.9430553687430488,1
0.26114486847736285,0.9822973012492159,0.8615513109431835,0.8846975700428652,0.13039835881478368,0
0.8700624178454376,0.9418229906707294,0.8190479790999954,0.09136402324708748,0.08477663240547428,1
0.35760599362658496,0.70492566730886,0.012452828167165864,0.950645746196961,0.5254492661134333,0
0.35837244268355994,0.5612289291905449,0.7157861966738137,0.2732790877325232,0.2911236472278631,0
0.4681768499123523,0.6699307265601878,0.7063703349217948,0.32405663942364027,0.3224915594482006,0
0.48710874617307887,0.5419217005994221,0.6494141349392717,0.6177096816998916,0.37251788400668984,0
0.29688679026649856,0.3079211911312806,0.6454010577034739,0.4331475543813502,0.13434936229674455,1
0.005923059126252683,0.029677364065667455,0.867516347099061,0.45782721138047167,0.6574272039930776,0
0.929037496128832,0.12627985407635378,0.44761589538224356,0.5390673968786479,0.8415349072337763,0
0.9937184246216286,0.7116784866578242,0.6418341029935551,0.9203125293738945,0.837380912950113,0
0.8650441645445748,0.0027057246703674487,0.5144320915365168,0.7827285673853216,0.18145712247569956,0
0.7514522916030558,0.0091601516523796,0.575166691124744,0.8513281199933412,0.43134835822534634,0
0.7394525277159709,0.5303986699108694,0.6472909784202843,0.5166679158755233,0.4758367432659001,0
0.8416265796132119,0.09274318558907946,0.5846512853510311,0.1148104877978019,0.5628079116451016,1
0.9635960426817225,0.057097891011298696,0.42200680319639305,0.8019712002760803,0.3696915683703089,1
0.5203147674640011,0.11470780688144822,0.2230732752393918,0.6864252054507757,0.8285875540145933,1
0.6464563496658862,0.8369208794785624,0.6056574671741977,0.8102082089353827,0.9828868009369462,1
0.08282473413794122,0.47964963012970985,0.1898926663527225,0.4652285476146202,0.49958674483185495,0
0.621921276205751,0.43929798698319156,0.3247124277622013,0.043168295392455924,0.03479353370297933,0
0.1750083517959813,0.448986409721693,0.4175160362579643,0.19069549397230168,0.8223395717796923,1
0.6834932116618194,0.3431649815841116,0.7969675520109653,0.9892459055414965,0.24504242377830676,1
0.3625899058370542,0.9928982521122116,0.13788257130542736,0.07718776332617172,0.5209911603079171,0
0.4684291028176325,0.07828874697913502,0.2900360230212816,0.41893666325447354,0.8222096215636364,1
0.707842354153918,0.9145266384595229,0.3324999369680527,0.3093784225005004,0.46318170077778686,0
0.007528136907123506,0.2073200880819398,0.2114711102161071,0.061090033109455044,0.4551306897236813,1
0.9055202053067453,0.004030416534486769,0.628414666712257,0.8793327178468235,0.10752110261991021,1
0.9172582831278852,0.8185216434647635,0.2145713449138701,0.905343575594159,0.8040157862488417,1
0.11138909293546662,0.8305994473553174,0.5421829386993777,0.8159599085012466,0.6176649968664013,1
0.39185700848145744,0.6011404695324961,0.6361807406635489,0.7662061475869146,0.830681758537759,0
0.6632106688780471,0.9896482090680171,0.7785509388472289,0.9107649988387525,0.3194943333646497,0
0.31622743211258975,0.36233507621636807,0.43971628933971907,0.9614001350270543,0.07353121934231777,0
0.49844357969361186,0.1611605216268247,0.8108933654192048,0.03114426801096304,0.45514425716555396,0
0.39474102292625146,0.09218099000079183,0.37671895026165636,0.8090304980256465,0.13747465337430353,1
0.9835057563020331,0.0584543451302153,0.2891027731573377,0.7748991141977306,0.35752128284449247,0
0.48035348940458733,0.18665851143025203,0.7154958821562769,0.17954161291048176,0.8487310970845371,0
0.5394995452960429,0.5481568289756119,0.9335115922420598,0.7729995812545661,0.7431394864679242,0
0.8580401662109294,0.09181728380510701,0.7260443629471418,0.2332079131024769,0.28094634072877234,0
0.015146137231442425,0.8937210632455794,0.7391129321080172,0.13928713113551328,0.32792320331577884,0
0.47993286706366745,0.49391078224269014,0.5956539407436364,0.47218370972853807,0.648645315668746,1
0.8838707959794344,0.3980725552206501,0.8767109193908584,0.21961021600197828,0.12138132506227062,1
0.23940129661156007,0.20659265502831692,0.9850790834495737,0.38105372644490343,0.6514732689346843,1
0.6960526529884028,0.4452086227312777,0.2235717347882472,0.4380980134887149,0.47376088630643887,0
0.9540076899205491,0.5686237050361089,0.9698726053410515,0.5767126490246148,0.14499801560758996,0
0.3843766382250049,0.7923133259374322,0.42162226787505763,0.09973384484161785,0.09607616058807777,1
0.2370647560580953,0.564771783655421,0.8301549770996778,0.533712748836934,0.7460803866727954,1
0.6455931035555189,0.5240991851430827,0.21480792729199516,0.8831685396886423,0.2757153971469528,0
0.25281992995543345,0.2577976245042345,0.09568544835794457,0.4986540409046294,0.3275302877095124,0
0.5219419810615609,0.45311538113926975,0.519791805816684,0.2976533518877297,0.8151381130260954,0
0.5341930009163555,0.20843466895894525,0.9018037002508481,0.10945510083365584,0.7334344809016331,1
0.6784484047707735,0.07285892257024396,0.9015076153454497,0.31631242178177355,0.7408950156146018,1
0.27700158585084256,0.5256917431475462,0.9723336138120849,0.6107764098681804,0.296322761460486,1
0.4583771464077431,0.6760411510814897,0.44518889551605756,0.9107485623653705,0.8674607363964899,1
0.14681017696052356,0.7849408940633942,0.9424149119587709,0.31690822437498967,0.2382197139544917,1
0.009588746306879448,0.11565743554470709,0.960913070958255,0.39112162773753734,0.38734153945864924,1
0.2666789179947717,0.1640589106840905,0.5087901909482633,0.7231876565842441,0.5507953336011713,1
0.03545023695187921,0.8034696409636671,0.9315941516942919,0.44037674080742095,0.3664645527996606,1
0.22985401055599852,0.30187029983727987,0.6444475075898467,0.7701461278628744,0.3322157363473396,1
0.33967262337795323,0.45110131970238965,0.1702027765196945,0.9272081881770711,0.7054560684534514,1
0.43358342827445095,0.12227251188894417,0.8488255482246678,0.483714344976804,0.7968828840523462,1
0.033394087250848914,0.2736540962819548,0.6220953766914041,0.4879233212276689,0.2950719779766309,0
0.20113023747581849,0.30181332915048253,0.7423394008768032,0.1837073505013055,0.5938132076422075,1
0.4236808334326603,0.7630379038607417,0.20161852261891966,0.27008957623680063,0.3986875319088483,1
0.1665756087060637,0.46119477214474425,0.41605080815015794,0.9900855442807112,0.5938637092780872,1
0.06946202510714716,0.4599416475170336,0.8785015307431553,0.866767587389204,0.9618052198709154,0
0.8942308668532413,0.17629970151435548,0.0035702744930703467,0.6162526892361183,0.7024443668399497,0
0.1312121500010761,0.16683529919818696,0.9630765633887007,0.9438332547452586,0.156971548699678,0
0.24700840426667747,0.892113662021926,0.4349933306333682,0.7980726258613222,0.39598603075930094,0
0.7363829153080952,0.39682580305342063,0.8991790949245622,0.3255726790386321,0.5231181319941288,0
0.5217559077272106,0.6488713786172771,0.30670004456317435,0.6426605072649831,0.14103581954443078,1
0.8936135233121308,0.14417348756113113,0.8402949347783525,0.6931480693838076,0.34106707251747226,1
0.3274332379284801,0.9660450740822316,0.19498386222368824,0.7229587654330322,0.18368230025637244,0
0.905397520620535,0.7419390049014283,0.932704688513937,0.879107712617902,0.5494988836328507,1
0.15222910928787825,0.2214595140398392,0.20181787385250494,0.22063944272482172,0.47641414508095903,0
0.8677934744794119,0.023114605071679173,0.23848040659418135,0.5968029810996618,0.8653234812577664,1
0.2974803868239432,0.38252715918680735,0.37342540971450533,0.29369366292991594,0.6987626275086946,1
0.6558147224506595,0.8432750100100903,0.9175773801692072,0.9004757980921805,0.5401608378787153,1
0.18569746242451535,0.2221620495389608,0.5902537984609291,0.9183981849842745,0.5304314355647037,1
0.9357285447667795,0.26225001791893554,0.08634677775506727,0.7962904060840554,0.8793835819395946,1
0.44808125658649156,0.10244421767796463,0.042327294528695436,0.06255791559583113,0.43911445958314343,1
0.23481499093858516,0.46192323650675804,0.4884895024693544,0.45809285207537664,0.6199224069906447,1
0.6794037852756041,0.39594539578963805,0.3370317121680766,0.3684012844368808,0.07018153006372063,1
0.3216307528946637,0.1999126461765347,0.2908401720636167,0.714397100707578,0.9885384346760928,1
0.9235529670092874,0.82162531452743,0.7371970667271741,0.9449376492010593,0.7520418458033918,0
0.47095467046433315,0.6013619257170014,0.30578497109037983,0.0033083377869728148,0.35361289433166343,0
0.4048298516019796,0.7330921575882825,0.8592205040229379,0.9626547178694158,0.35179175335625423,1
0.9573969363651117,0.7993855566935719,0.03084437773572002,0.5952608470368022,0.3656417997750937,1
0.034011209254917074,0.5315030828643044,0.5848170808863692,0.2522307548315975,0.9398797509579124,0
0.6104542371697033,0.1759636533705432,0.7212568590350434,0.49913955363422924,0.4732340454203948,0
0.8345332627840525,0.1381797984582429,0.4909867381721712,0.7807630546162803,0.66038843885921,0
0.00541365745253275,0.7874505921442762,0.9446719148357704,0.7046688348417696,0.8759009248945573,0
0.36081171896117314,0.3506031457915222,0.32086453005382476,0.7349694269510021,0.9420659566545672,0
0.8854007713128079,0.15021390072313368,0.626107734984534,0.9959582795273278,0.2953684174458593,1
0.6347847930149039,0.9066238302153232,0.8995481401108271,0.3214752822265887,0.09392491493193567,1
0.6460089590708924,0.9469674980767966,0.5079837278591283,0.4577073946350565,0.8639484072972977,0
0.42459667907424603,0.6809287043329337,0.3886423577382374,0.3771374928732564,0.187807565341498,0
0.08845167030280865,0.8851606759140292,0.18121982423608385,0.062218402186168476,0.582308108953288,0
0.5459967483081921,0.5677567033058917,0.4681048881004888,0.14193635221813483,0.020914833099567764,0
0.04641392722443005,0.9431471458353586,0.5318542587261903,0.39972093548330023,0.410831816156799,0
0.6521953481916019,0.37666277759418176,0.7964590664844106,0.2599429172686947,0.3672591294815536,1
0.9349968156907507,0.2602836741979576,0.6615858973776735,0.36456727612317996,0.47119711405159337,0
0.045188286048121196,0.16723389000681144,0.10191278415858662,0.8447151477310042,0.9616912582224874,1
0.06797461431296348,0.07684577019424743,0.5521689419865595,0.5040349247756386,0.6505721327794468,1
0.7368058354965477,0.7972194656894259,0.14908338024503998,0.03783572923748413,0.889158872664231,0
0.46954089371378105,0.9712443265209896,0.5327694852023365,0.5100273755007387,0.622979358912807,0
0.17014398154237875,0.2540405050386362,0.905806459723717,0.21232774998883686,0.23297083198334556,1
0.5099841626808433,0.6411513535561527,0.0009038666147412888,0.456781190591003,0.3990131255607414,1
0.8656191925432217,0.8396974670366248,0.9059234520086369,0.8420506104869651,0.7867113636571794,1
0.8590049607907662,0.1748065244338488,0.3408490916843163,0.6836183249699443,0.9231309585678324,1
0.6669087660239568,0.20794890441100888,0.9446650638195561,0.7603418039333262,0.7165437561544412,1
0.76250661731113,0.6591446908495096,0.022112583761142557,0.25361825963934304,0.9565718399596519,0
0.2886042800899101,0.7716264844886526,0.4244839704091298,0.9075277158512304,0.557669054576704,0
0.6318859968545918,0.23962516750207696,0.057523406443117264,0.7565562934849605,0.06764328949737264,1
0.7217981913191236,0.5554928619618247,0.8200237129568554,0.20577308947418138,0.5415296219335746,1
0.6141713873506498,0.07429779332681508,0.738940683875285,0.3890294352144792,0.12891408937917825,0
0.38706493329050873,0.09830148571663955,0.8879958730374661,0.45675990071564243,0.13802806205380302,1
0.2520956777277602,0.7246491033662454,0.7860881671751591,0.041316395167162456,0.05988020739054556,0
0.9171851712224569,0.330982227889448,0.19332386746836805,0.12305763170323791,0.47595747808411504,0
0.7710526944379391,0.5211177675544634,0.020673679623888552,0.48390496599414956,0.31165707722893754,1
0.6828591701719823,0.5235089683929264,0.9653371499344201,0.5981641540368875,0.6324809661065655,0
0.5202307733585855,0.3110054872914795,0.6306031579174604,0.3329116332384875,0.7173481476344775,0
0.23684643730412136,0.36766136831172136,0.5836483265428065,0.6284917023884552,0.6686128612581496,1
0.7003164687135485,0.31830637722377364,0.8925764076347728,0.029933608254474553,0.18842993801833352,0
0.07014081956761054,0.6715369723857042,0.2736652364752271,0.19915350725387082,0.4806674875736381,0
0.619047521747136,0.619246089253789,0.5574525294462371,0.9919863600197273,0.8602147771551125,1
0.23886020511652073,0.7587162596515795,0.5692972219797887,0.0705190488424079,0.04958108492272184,0
0.7996190528452413,0.5449906896759358,0.5713248888545308,0.33626905487276426,0.9303480711250127,0
0.7133477822503708,0.9277724952392585,0.09926725741591202,0.5837293493614354,0.6375272498276152,1
0.12599332275927766,0.34626498810368045,0.214804347198167,0.9844589755824147,0.5434151911519908,1
0.31526091297902825,0.6644966520453187,0.6595476204252423,0.34733037594251437,0.9939228589844206,0
0.8089615824889931,0.4003181697814371,0.6600593442969642,0.7105396227289024,0.1738165196630881,0
0.8781591721274831,0.8260378099003624,0.7556749307154439,0.22267606104312765,0.1362498148074317,1
0.18054808371023612,0.09301880925796979,0.9402908299681347,0.8514944495937362,0.09077946687890659,1
0.6779707060060214,0.24558735024077627,0.017273653311937087,0.2923921375273961,0.44003006931279354,1
0.02003815862086733,0.32372003082781664,0.7003526292887589,0.22842845903449238,0.48489297532579867,0
0.8875809130364618,0.028390983208982368,0.785637145599726,0.3838928236362087,0.5411498910361231,1
0.23087172766139863,0.5789484606603936,0.7306996495265502,0.20153792967743744,0.3432688177663501,1
0.5673789977078711,0.41678099692522386,0.29315287788881084,0.4516874328968764,0.2908277671805992,0
0.30187358337478365,0.6106336772932547,0.4770652716716981,0.6770722246435351,0.837444998970784,1
0.9429653286288974,0.15135133078026752,0.6261903451864209,0.5823995382612611,0.8669452562076814,1
0.8958899051158327,0.760502591515349,0.595461829015076,0.19926279978566397,0.27663839738933704,1
0.602767088802969,0.139343764293967,0.18396417341056293,0.9114322696086902,0.95631200866921,0
0.0052347049271832535,0.8624819278530844,0.938013574165115,0.5257394715645294,0.448900508809563,1
0.918799496321553,0.007533156736765245,0.8404858362467178,0.2965760660430491,0.6411622060432031,0
0.3231980283578073,0.5229447410391561,0.808317162239063,0.1812689576743719,0.6639186190254209,0
0.8983368355371911,0.901051708548984,0.8941209370088473,0.5184634350954728,0.7677012532329965,0
0.4468577452934135,0.4601633871770425,0.28385427161657273,0.28522746881586514,0.0378243219650638,1
0.5314716239068339,0.3087609144092144,0.18768643295974108,0.12171281877621498,0.3469988299574538,1
0.8990105620065529,0.5164015754536818,0.556935973447102,0.05432788012310674,0.5198463415299011,1
0.6676117409566431,0.1507152198594892,0.983553795981712,0.9151144877879656,0.9931022618236406,0
0.3603169804885008,0.8222991561214585,0.3287357165715541,0.7491295736618664,0.9478297826450094,0
0.15502061629319708,0.140319872271352,0.10440449375645144,0.7983507642811442,0.6666336051002972,1
0.5223151586336727,0.7739126539637214,0.8499231777848663,0.9495284295795903,0.2012510496157084,1
0.4416766263583114,0.9230133417659938,0.4613237084975723,0.48765502401575556,0.9424452306970122,0
0.7346762954955773,0.5520481591867035,0.35728619865239997,0.9153494688670134,0.008938503294808386,0
0.3210061980830644,0.9460731579518614,0.4982037968748033,0.6238546330825986,0.5326155972072614,0
0.3973607047323061,0.6652824394537331,0.7664747268552259,0.36442638183386,0.5905214487053608,0
0.0827581449309982,0.5475979147588649,0.7477496315366798,0.5852438399176223,0.8784476300163263,0
0.28619318720594866,0.49175606990855003,0.08747995280775378,0.7000209125620629,0.44289151160500084,1
0.5303654744836348,0.1283946631401096,0.9973518258794984,0.7719200266050015,0.4006297733009594,1
0.5699597173854625,0.6187171385551994,0.9607660308321099,0.7683886101161989,0.3496668191002218,0
0.9777057083552767,0.3017963078337914,0.5769460651385186,0.7006676785452025,0.27112579239169754,1
0.9563610946762986,0.21610990226372784,0.44177322390059925,0.17987330164687754,0.8749875387729167,0
0.2216012200830617,0.03474143320147438,0.0389404025303941,0.41375337536595214,0.5227776086213014,1
0.04163863172413773,0.09286534643481825,0.09746295449339948,0.6685012848318432,0.29981502050720854,0
0.5625726533508772,0.0736959710746754,0.8921155602807018,0.30443326842306984,0.7782007235370306,1
0.8267030708436713,0.9879086373459112,0.7410389038657531,0.44280554809232264,0.1526278163932404,1
0.04787222888411735,0.8862598172467037,0.4466633918877,0.7499636801553958,0.4963304806607789,0
0.8796644771580013,0.7496653424750589,0.08545775934710997,0.7521469056415742,0.2668141487415848,1
0.7730562115461422,0.9485150012507841,0.9301322089969728,0.12500023246398828,0.05467223920654729,0
0.7769816399166084,0.7099617122642987,0.17617247702018446,0.6845673333709928,0.015487865894023845,0
0.6311620848425216,0.8323055559011369,0.6418390009055488,0.06539642073935881,0.9909723706649283,1
0.3560914791332198,0.3804781915554206,0.08475133730803741,0.1671176816619362,0.27117579351541077,1
0.7992023695299788,0.6917488078194305,0.5836488297641262,0.863893214548839,0.9978051900130605,0
0.3847744582159668,0.39122342799138765,0.7360893755328096,0.6443488277075152,0.013393447900397315,1
0.6554273047345044,0.7196083899631894,0.9859365920753632,0.5867710026453947,0.6844178110941063,1
0.7887477052745633,0.09595962056739515,0.7346521759088477,0.5468657139087001,0.10007558293073726,1
0.6698808430641064,0.23450427468768298,0.5378978534010095,0.28096020971591584,0.10453637697002982,1
0.2508644173008785,0.43880662210825816,0.49412885867243206,0.14848091929982232,0.3209786243327396,1
0.8593906433865881,0.9103821318439043,0.5351820865306982,0.49036160808129914,0.5814091246550603,1
0.21456945588660914,0.9935711490896145,0.7452727209723394,0.23874587943954684,0.27214640730242157,0
0.6484123875646826,0.3228465291898984,0.355316771979564,0.780942670160249,0.266927049685282,0
0.7052411965292109,0.9348848634303774,0.12413515699823774,0.14428419465909392,0.9428731008118159,1
0.20351925723588538,0.020900831598747116,0.8685079160200994,0.28230288699847095,0.2983539350617844,1
0.2269211461851217,0.9176668981384791,0.7744186470009599,0.5967924559760044,0.45325831567575714,0
0.1435301187602761,0.9259867705171417,0.7496635971591542,0.278883537971196,0.9474960654406981,0
0.9351909411648991,0.6595188273128846,0.9850035570515672,0.18724824548079344,0.7313903595877,1
0.15217611363174222,0.6916912080143945,0.9198518197088097,0.5360975615336193,0.7630666375267848,0
0.1431217286104426,0.6331945703897671,0.06319189613231446,0.036897876175256195,0.6340625826361445,1
0.5728085801661565,0.32925114185428095,0.5129296101777527,0.6843401501031771,0.6447278177077649,1
0.07363251145112826,0.6781193214714616,0.6595330792736182,0.669613991668419,0.8473532613490187,1
0.5767026426862858,0.9379008581863693,0.9800092796301229,0.7518438318071317,0.35868175380763045,0
0.1430984156096068,0.8201399190281806,0.1466323359344146,0.14616942202626537,0.9190425561244531,0
0.5598726743029245,0.2933329732635075,0.9629838856008812,0.7073306849843404,0.5348445092028395,0
0.3294802547720813,0.6766165313893417,0.7308951676547136,0.7121101804104166,0.1953376488156806,0
0.6972442369649714,0.5814468756351512,0.8500762419230575,0.6247688010046679,0.14627668164193208,1
0.3185327161308392,0.743817665273264,0.7399617815057729,0.2227147894302386,0.35459331693249374,0
0.015319641542071438,0.3317045481548404,0.026339017493530292,0.8728707077214075,0.6666472443241764,1
0.969147770477655,0.8919242403480362,0.6034752819198068,0.5029286633722841,0.883724490734674,1
0.29841508710680664,0.22351824084023308,0.4100211181592719,0.05319784537619199,0.30197182490998997,1
0.08368032668904068,0.05266093704206365,0.5513398158275484,0.7081652139361997,0.5366745204281356,0
0.07057737656574192,0.3949693507974228,0.11095143539146912,0.6500636449567052,0.8264064689039325,0
0.11670572260842271,0.066852765505515,0.405951941536261,0.3034736765166972,0.26068985079831375,1
0.21139613595384799,0.3169250166415214,0.9653744363851433,0.8576709444814763,0.6013570893529527,1
0.8004745605632646,0.014735537752948669,0.11145531872110659,0.29246154606387753,0.6438989998123973,0
0.883413987604649,0.23114015848701364,0.13920245658451758,0.8479193534340715,0.40913564422126303,0
0.699508440171436,0.5480287180947836,0.17591140284918982,0.7005753176010302,0.42077818614410234,0
0.2877485381706286,0.9026982850742541,0.00598582228052047,0.4048697319847483,0.30051199432269504,1
0.05447949088672077,0.08042326966945001,0.17228689391354302,0.5049997266688925,0.28264355340141867,0
0.8378590119956973,0.2399759006003529,0.7202211984559103,0.21037667656631287,0.04255256277424435,0
0.2646217252741866,0.8375685256441098,0.0822511432742804,0.34449566283776656,0.008016814887079171,0
0.6302445701818143,0.9427597847265307,0.384366176326397,0.576917932774858,0.4522845066088823,0
0.9733307398886833,0.7359986616560087,0.04422300168573001,0.10872466603291542,0.47048083206132474,0
0.6317459292763924,0.29039588884221845,0.6746447096482922,0.5765253961775413,0.4350925779242544,0
0.5822970258211144,0.9164635295518,0.24320413873967228,0.7912119336362285,0.011957156279548187,1
0.08479832577619062,0.9496855278207114,0.6977286648424654,0.6333172087475545,0.33405526777338523,0
0.18433717991677556,0.37991607252094317,0.5983901929100619,0.6343818513670577,0.16955066486173143,0
0.44550192024829893,0.5667584694795451,0.9599608094339183,0.5494231045854612,0.5805994101076591,1
0.7651886847312628,0.4189119457511381,0.38386784110584204,0.5909092084329078,0.78330781058458,0
0.6375817163497141,0.18613114955121335,0.39770028070173813,0.5125967983291704,0.5237443846830823,0
0.33959513894879834,0.5224146422290782,0.6729753919573452,0.46797271317528,0.45134736364222405,1
0.8015828246494835,0.756838028209624,0.42240495317605886,0.9960133420451096,0.06647098736753443,0
0.32599573690704986,0.036830504433338795,0.8394693823886296,0.7556302263012027,0.6836766019803885,0
0.21447222323209103,0.707718848332019,0.3553117574647391,0.8685695018126325,0.19950164489388322,1
0.2178407620704519,0.9605862903449571,0.51702014775966,0.44638573982998,0.35174870387691404,1
0.8312125208057458,0.35270754761409306,0.3561569706362414,0.12333415072376863,0.52072638438525,1
0.9237499910166088,0.9575392293586598,0.9955155419605077,0.4730705386422389,0.7749480833836053,0
0.552534732285385,0.547957746254994,0.806240910714474,0.8353579786972213,0.019793254416408335,0
0.9427898542388701,0.8229835316062867,0.7211087642950411,0.8520323727212364,0.5372632579692072,1
0.7732635213230862,0.5986490042562098,0.5429307239840149,0.21160772232050795,0.8474150296349755,1
0.8838710166161918,0.9711926244543028,0.1204386659356167,0.29157419446390265,0.6854056795619486,0
0.8552293495203315,0.7513041753377596,0.455592099581824,0.7259773988662549,0.07212490649743442,0
0.662538447418253,0.008012861309172226,0.047548770736504875,0.7572955581393032,0.4776270455086328,0
0.05955098408711135,0.48186119426701157,0.0627543304705318,0.3460322432117042,0.1573726055311332,0
0.21937246539189192,0.19560560418311468,0.3717679249556919,0.10790831673317236,0.5277364499400188,0
0.4071010137537614,0.8398650434200675,0.8259250922704733,0.8242777822407227,0.469639276134729,0
0.2907886087762608,0.4154012740996672,0.6873717386847091,0.529786356482415,0.6243041050681296,1
0.6937177386160651,0.9183632949425639,0.9439758329498322,0.8404699985140113,0.0650614965109978,1
0.9793350046453114,0.7036307261702739,0.6933921491260452,0.02310598220936666,0.47939992129530384,0
0.6264996895156622,0.27850940385040357,0.08324003278844272,0.5324448611250153,0.446294558245209,0
0.044080324138582205,0.5194180965915223,0.10771683678860311,0.4245507755273954,0.27041291023875647,0
0.9704708113777909,0.03473323687771834,0.5600232360909704,0.15192032210595696,0.3192941115712613,1
0.1839009715307931,0.9951468797123554,0.03236206711320766,0.5413564591406672,0.608042714658387,1
0.7721678956955529,0.6259835163317904,0.23134690678373016,0.5980388829968575,0.9749668766753669,0
0.8484517686047601,0.4534971138552021,0.4774082177737754,0.13290839762233442,0.569925122835963,1
0.2802433929964514,0.10811425542469877,0.4742094054142564,0.04507128402216243,0.12013174342988941,0
0.21904398587395313,0.9906346168791987,0.8084816002702894,0.5417583363656534,0.2325653842314067,1
0.5189198888498054,0.6489970860780717,0.004563917022544994,0.9878936040816121,0.6267810005280847,1
0.9882464745678939,0.46906579309813234,0.6235073505622747,0.46146074221843913,0.009483642777262435,1
0.8498917160952997,0.4490016105023933,0.47093619192677616,0.35996413935292737,0.432656467539011,1
0.7255507166350357,0.7006244813591657,0.808378955676464,0.9746670691763248,0.39116523252295954,0
0.33895951786252343,0.4935250647767212,0.15438956247763125,0.7580296120286251,0.5811379250931314,0
0.21134072633695755,0.8640350520056262,0.6190625173897032,0.034039320325389255,0.19651688871592077,0
0.8910934871926031,0.38104555641165005,0.9843515857275805,0.5297522869609391,0.20791514692247504,0
0.5938945598565543,0.10235093851367627,0.8075147175000643,0.6278402091012841,0.9639466197949512,0
0.6901077906924965,0.04915035566549075,0.47642824053523425,0.5313102423893735,0.9167759658120743,0
0.43246679155663603,0.5935135727652595,0.18595610469037227,0.24462614079332723,0.5485867645183811,1
0.6969845637682128,0.4354607009209911,0.4326685647154924,0.25599428703976745,0.6981307656215898,0
0.00547287571078825,0.512768640308113,0.0035647550316522114,0.5934679098254814,0.03090649159133907,1
0.9400670798976386,0.4779537622211818,0.6840227313787992,0.8535984745650939,0.23542211414466074,1
0.5400539021346633,0.8634495842408936,0.5377736080092311,0.3927724962045982,0.3688698076136945,1
0.3841083600922499,0.61543128833449,0.04566114551783074,0.41538287458220535,0.560589128746821,1
0.7863807874336549,0.5299937456079619,0.9261727351144866,0.4437729923703895,0.6507941511563512,1
0.017581112794190834,0.2384480673905105,0.8154573463985902,0.5862150551551009,0.9461730610306095,1
0.7528764373162871,0.4496638582502889,0.7787112680783531,0.46778678162401155,0.33016887142159523,1
0.047096071982964505,0.8656233638198734,0.4189417358894446,0.685170285024421,0.15305948529765023,1
0.828962356951751,0.82420044603869,0.482147596249793,0.6721447081076867,0.5214538418828122,1
0.5522659720690399,0.8888015671887535,0.9669157313406077,0.36749894310333286,0.33173312624376716,1
0.303807436079506,0.7707587938091672,0.7228974596306105,0.04380007604925862,0.08844089070575578,0
0.6462049003064708,0.2749586242239288,0.0915803160649502,0.4136637118025832,0.877482829262491,0
0.3663117835134724,0.6956300387833838,0.9005748695761311,0.16931308134390222,0.60970173184192,1
0.9076592420778726,0.19341309438911303,0.9887126137883723,0.36508352984691317,0.21752581020440875,1
0.8378194514832966,0.4679089853213132,0.6706781794550349,0.4896072140755521,0.6435277979376846,1
0.03536881499690048,0.35018022653248504,0.657311859302041,0.35078058204530416,0.7757546200942937,0
0.9608845089316642,0.03741144785555306,0.855318155245047,0.16906401749676403,0.9173370942145613,1
0.9467927460984521,0.5691796046171994,0.4790121214881128,0.758499895309104,0.9180215118610634,0
0.23244607206232293,0.38244144180352546,0.41753599490488047,0.8458212472147199,0.13691702100429215,1
0.6230441822561943,0.3509413035378325,0.8855141253543269,0.3397908784523713,0.977946284826768,1
0.015632109013896778,0.23955362269668012,0.4573209132433972,0.2563245829841969,0.7373935111403973,1
0.8145514690690876,0.6975079945422467,0.9703984833089404,0.45603800153602614,0.9797697953768585,1
0.12461063044989906,0.8459446542530193,0.038441288857789635,0.5319165664283612,0.4844716128770613,1
0.8562996167322736,0.7007324402289807,0.44105652024665687,0.8956715540147001,0.8858693971585211,0
0.024731833328095254,0.8710185792233621,0.5265853566506833,0.838960832664477,0.18132359604617343,0
0.15109551937925192,0.7222031457029517,0.27535769519009423,0.558840551505265,0.6888155387944344,1
0.610407508972952,0.6989654734107645,0.6203572827750505,0.37912803116476035,0.09049441567271221,0
0.8553451479566024,0.8460082198881138,0.005679062535137502,0.8408654976200182,0.15098880607468568,0
0.33286260306393667,0.4133486417031502,0.6796308488782048,0.09241548527305177,0.8266455892134613,1
0.9427477862870044,0.9526958686313398,0.09183800151895116,0.9193802535702474,0.5678288970415076,1
0.7269285625833536,0.9305967064992454,0.6609954565914286,0.456739445679299,0.5251118333696205,1
0.684503479039147,0.944698901255866,0.8898086980624091,0.5770672553159917,0.21101026907793308,1
0.3467291246846258,0.36180749825992775,0.2891740339853255,0.7467455841016601,0.8359876016280009,0
0.31983089417649346,0.8461259865482451,0.7344374078796595,0.4411164796345377,0.6986630299108879,1
0.7693383112842795,0.5610311042698535,0.4431133892764727,0.10171444692194787,0.001369671119481386,1
0.9372513105826416,0.26748477911149915,0.6629840205834842,0.9433611585013026,0.8182912783790818,0
0.1225828042493744,0.8019124504453412,0.7263930989760119,0.32939710268723177,0.6896017983506721,1
0.825887225649845,0.2914219088697245,0.869029274680798,0.0788143840640756,0.5274544542312556,0
0.23321965646054932,0.7280104945350767,0.17486599142830284,0.34145378917207914,0.12738575679471464,1
0.81191473895551,0.13227478399124482,0.7231516059877334,0.7072302179572338,0.1423683871615984,0
0.5660510763517281,0.4968793183125032,0.5945045689824755,0.9372276325135384,0.08053702243535188,1
0.8205037303723468,0.8621074619474167,0.12627409032922632,0.6561061383591726,0.702123147889142,1
0.5486662825182007,0.5029299582923314,0.3178184261252458,0.6890815862629014,0.2855466580556282,1
0.460023187037104,0.8573691673170316,0.08954001310625737,0.5283702569689203,0.486074060521,1
0.37848139808695225,0.5975296928382908,0.01562650170645652,0.49246957495019583,0.4856905404317594,1
0.5161122916423077,0.21244025631713537,0.20759650057094203,0.6472025582623911,0.09272750588997392,0
